<?xml version='1.0' encoding='UTF-8'?>
<!-- ident   "%Z%%M% %I%   %E% SMI" -->
<!DOCTYPE index PUBLIC "-//Sun Microsystems Inc.//DTD JavaHelp Index Version 2.0//EN" "index_1_0.dtd">
<index version="2.0">

 <indexitem text="activity">
    <indexitem target="bvayb" text="global archiving, controlling"></indexitem>
    <indexitem target="bvayd" text="global staging, controlling"></indexitem></indexitem>
 <indexitem target="samqfs-activitymanagement" text="Activity Management page"></indexitem>
 <indexitem target="bvaar" text="administrative privileges, assigning"></indexitem>
 <indexitem target="samqfs-advancednetworkconfig" text="Advanced Network Configuration page"></indexitem>
 <indexitem target="samqfs-aboutsamqfs" text="archive management (Sun SAM)"></indexitem>
 <indexitem text="archive policies">
    <indexitem target="bvarm" text="about"></indexitem><indexitem target="bvarm" text="about"></indexitem>
    <indexitem target="bvate" text="adding file match criteria to"></indexitem>
    <indexitem target="bvakz" text="adding to file systems"></indexitem>
    <indexitem target="bvarp" text="archiver.cmd file for"></indexitem>
    <indexitem text="copies of">
        <indexitem target="bvatj" text="about"></indexitem>
        <indexitem target="bvatp" text="adding"></indexitem>
        <indexitem target="samqfs-policycopydiskoptions" text="details, displaying"></indexitem>
        <indexitem target="bvatl" text="editing"></indexitem>
        <indexitem target="bvatr" text="removing"></indexitem>
        <indexitem target="samqfs-policycopytapeoptions" text="tape details for, displaying"></indexitem>
        <indexitem target="bvatn" text="volume assignments to"></indexitem></indexitem>
    <indexitem target="bvarr" text="creating"></indexitem><indexitem target="bvarr" text="creating"></indexitem><indexitem target="bvart" text="creating"></indexitem><indexitem target="bvart" text="creating"></indexitem>
    <indexitem target="bvarx" text="deleting"></indexitem>
    <indexitem target="samqfs-policydetails" text="details, displaying"></indexitem>
    <indexitem target="bvarv" text="editing"></indexitem>
    <indexitem text="no-archive type">
        <indexitem target="bvaql" text="about"></indexitem><indexitem target="bvarm" text="about"></indexitem><indexitem target="bvarm" text="about"></indexitem><indexitem target="samqfs-archivepoliciessummary" text="about"></indexitem>
        <indexitem target="bvaqj" text="creating"></indexitem><indexitem target="bvart" text="creating"></indexitem></indexitem>
    <indexitem target="bvatg" text="removing file match criteria from"></indexitem></indexitem>
 <indexitem target="samqfs-archivepoliciessummary" text="Archive Policies Summary page"></indexitem>
 <indexitem target="bvarp" text="archiver.cmd file"></indexitem>
 <indexitem text="archiving">
    <indexitem target="bvaqj" text="about"></indexitem><indexitem target="bvaql" text="about"></indexitem><indexitem target="bvaql" text="about"></indexitem>
    <indexitem text="associative">
        <indexitem target="bvaql" text="about"></indexitem>
        <indexitem target="bvask" text="enabling"></indexitem></indexitem>
    <indexitem target="bvaww" text="configuring global values for"></indexitem>
    <indexitem text="continuous">
        <indexitem target="bvaql" text="about"></indexitem>
        <indexitem target="bvasm" text="enabling"></indexitem></indexitem>
    <indexitem target="bvawt" text="controlling"></indexitem>
    <indexitem text="file systems.">
        <indexitem text="See archiving file systems"></indexitem></indexitem>
    <indexitem target="bvayb" text="global activity for, controlling"></indexitem>
    <indexitem target="bvaql" text="planning for"></indexitem>
    <indexitem target="bvasa" text="to disk, enabling"></indexitem>
    <indexitem target="samqfs-diskvsns" text="to disk volumes"></indexitem>
    <indexitem target="bvaso" text="to pools of volumes, enabling"></indexitem><indexitem target="bvaso" text="to pools of volumes, enabling"></indexitem>
    <indexitem target="bvasf" text="to tape"></indexitem></indexitem>
 <indexitem text="archiving file systems">
    <indexitem target="bvajz" text="about"></indexitem>
    <indexitem target="bvakz" text="adding policies to"></indexitem>
    <indexitem target="bvawt" text="archiving for, controlling"></indexitem>
    <indexitem target="bvakm" text="checking"></indexitem>
    <indexitem target="bvaki" text="creating"></indexitem>
    <indexitem target="bvaku" text="deleting"></indexitem>
    <indexitem target="bvalb" text="file match criteria for"></indexitem><indexitem target="bvald" text="file match criteria for"></indexitem><indexitem target="bvalf" text="file match criteria for"></indexitem>
    <indexitem target="bvakk" text="growing"></indexitem>
    <indexitem target="bvakq" text="mount options for, editing"></indexitem>
    <indexitem target="bvako" text="mounting"></indexitem>
    <indexitem target="bvakg" text="planning"></indexitem>
    <indexitem target="bvali" text="protecting data in"></indexitem>
    <indexitem target="bvaly" text="restoring"></indexitem>
    <indexitem target="bvaks" text="unmounting"></indexitem></indexitem>
 <indexitem text="associative archiving">
    <indexitem target="bvaql" text="about"></indexitem>
    <indexitem target="bvask" text="enabling"></indexitem></indexitem>
 <indexitem target="bvaba" text="banner elements"></indexitem>
 <indexitem target="bvaba" text="banner pane"></indexitem>
 <indexitem text="browser">
    <indexitem target="bvaba" text="banner and content panes in"></indexitem>
    <indexitem target="bvaba" text="navigating through"></indexitem>
    <indexitem target="bvaba" text="overview of"></indexitem></indexitem>
 <indexitem text="clients">
    <indexitem target="bvamt" text="adding"></indexitem>
    <indexitem target="bvamv" text="deleting"></indexitem>
    <indexitem target="bvane" text="mounting"></indexitem>
    <indexitem target="bvank" text="unmounting"></indexitem></indexitem>
 <indexitem target="samqfs-firsttimeconfig" text="configuring clients"></indexitem>
 <indexitem target="samqfs-firsttimeconfig" text="configuring servers"></indexitem>
 <indexitem target="bvaba" text="content pane"></indexitem>
 <indexitem text="continuous archiving">
    <indexitem target="bvaql" text="about"></indexitem>
    <indexitem target="bvasm" text="enabling"></indexitem></indexitem>
 <indexitem target="bvabu" text="controls, report table"></indexitem>
 <indexitem target="bvabs" text="current server, changing"></indexitem>
 <indexitem target="bvbcp" text="damaged files in recovery point file, troubleshooting"></indexitem>
 <indexitem target="bvajr" text="devices, discovering available"></indexitem>
 <indexitem target="bvaet" text="directories, displaying NFS"></indexitem>
 <indexitem target="bvajr" text="discovering available devices"></indexitem>
 <indexitem target="bvasa" text="disk archiving, enabling"></indexitem>
 <indexitem target="samqfs-diskvsns" text="Disk-Based Volumes page"></indexitem>
 <indexitem text="disk volumes">
    <indexitem target="samqfs-diskvsns" text="archiving to"></indexitem>
    <indexitem target="bvaso" text="archiving to pools of"></indexitem></indexitem>
 <indexitem target="bvbbm" text="Email Alert Summary page"></indexitem>
 <indexitem target="bvbbm" text="email alerts, summary, viewing"></indexitem>
 <indexitem text="explorer files or reports, SAM., See SAMreports"></indexitem>
 <indexitem target="bvbcr" text="fault conditions not displayed, troubleshooting"></indexitem>
 <indexitem target="samqfs-faultsummary" text="faults, about"></indexitem>
 <indexitem text="file match criteria">
    <indexitem target="bvasu" text="about"></indexitem>
    <indexitem target="bvalb" text="adding existing to archiving file systems"></indexitem>
    <indexitem target="bvasy" text="adding file systems to"></indexitem>
    <indexitem target="bvate" text="adding to a policy"></indexitem>
    <indexitem target="bvaev" text="displaying for a file system"></indexitem>
    <indexitem target="bvasw" text="editing"></indexitem>
    <indexitem target="bvata" text="removing file systems from"></indexitem>
    <indexitem target="bvalf" text="removing from archiving file system"></indexitem>
    <indexitem target="bvatg" text="removing from policy"></indexitem>
    <indexitem target="bvald" text="reordering for archiving file systems"></indexitem></indexitem>
 <indexitem target="bvaly" text="file name patterns"></indexitem>
 <indexitem target="samqfs-filesystemarchivepolicies" text="File System Archive Policies page"></indexitem>
 <indexitem target="samqfs-filesystemdetails" text="File System Details page"></indexitem>
 <indexitem target="samqfs-filesystemeditmountoptions" text="File System Edit Mount Options page"></indexitem>
 <indexitem target="samqfs-filesystemeditnfsproperties" text="File System NFS Details page"></indexitem>
 <indexitem text="file systems">
    <indexitem target="bvasy" text="adding file match criteria to"></indexitem>
    <indexitem target="bvant" text="adding NFS directories to"></indexitem>
    <indexitem target="samqfs-filesystemarchivepolicies" text="archive policies and"></indexitem>
    <indexitem text="archiving.">
        <indexitem text="See archiving file systems"></indexitem></indexitem>
    <indexitem target="samqfs-filesystemdetails" text="details about, displaying"></indexitem>
    <indexitem target="bvaev" text="file match criteria for, displaying"></indexitem>
    <indexitem target="bvajp" text="managing"></indexitem>
    <indexitem target="samqfs-filesystemeditmountoptions" text="mount options for"></indexitem>
    <indexitem target="bvaet" text="NFS directories for, displaying"></indexitem>
    <indexitem target="samqfs-filesystemeditnfsproperties" text="NFS properties for"></indexitem>
    <indexitem target="bvata" text="removing file match criteria from"></indexitem>
    <indexitem target="bvaez" text="restore files process for, displaying"></indexitem>
    <indexitem text="shared.">
        <indexitem text="See shared file systems"></indexitem></indexitem>
    <indexitem text="stand-alone, non-archiving.">
        <indexitem text="See stand-alone, non-archiving file systems"></indexitem></indexitem>
    <indexitem target="samqfs-filesystemssummary" text="summary information about, displaying"></indexitem></indexitem>
 <indexitem target="samqfs-filesystemssummary" text="File Systems Summary page"></indexitem>
 <indexitem target="bvaly" text="filter and search file name patterns"></indexitem>
 <indexitem text="filtering">
    <indexitem target="bvaly" text="recovery point content"></indexitem>
    <indexitem target="bvabu" text="tables"></indexitem></indexitem>
 <indexitem target="samqfs-generalarchivingsetup" text="Global Parameters page"></indexitem>
 <indexitem text="highly available QFS (HA-QFS) file systems">
    <indexitem target="bvacq" text="adding servers for"></indexitem>
    <indexitem target="ggxbh" text="creating"></indexitem><indexitem target="bvajp" text="creating"></indexitem><indexitem target="bvakg" text="creating"></indexitem></indexitem>
 <indexitem target="bvamr" text="host file, shared, creating"></indexitem>
 <indexitem target="bvafd" text="hosts, displaying for a shared file system"></indexitem>
 <indexitem target="samqfs-importvsn" text="Import Volume page"></indexitem>
 <indexitem target="bvbch" text="incompatible software version message, troubleshooting"></indexitem>
 <indexitem target="samqfs-firsttimeconfig" text="initial configuration tasks"></indexitem>
 <indexitem target="samqfs-firsttimeconfig" text="installation, of SAM-QFS Manager software"></indexitem><indexitem target="samqfs-firsttimeconfig" text="installation, of SAM-QFS Manager software"></indexitem>
 <indexitem target="samqfs-advancednetworkconfig" text="interfaces, selecting for metadata servers"></indexitem>
 <indexitem text="jobs">
    <indexitem target="samqfs-jobssummary" text="about"></indexitem>
    <indexitem target="samqfs-jobssummary" text="canceling"></indexitem></indexitem>
 <indexitem target="bvadg" text="log and trace files on servers, displaying"></indexitem>
 <indexitem target="samqfs-firsttimeconfig" text="management station, software installed on"></indexitem>
 <indexitem text="metadata servers">
    <indexitem target="bvamt" text="adding"></indexitem>
    <indexitem target="bvamv" text="deleting"></indexitem><indexitem target="bvamx" text="deleting"></indexitem>
    <indexitem target="bvafb" text="displaying for a shared file system"></indexitem>
    <indexitem target="bvanc" text="mounting"></indexitem><indexitem target="bvane" text="mounting"></indexitem>
    <indexitem target="samqfs-advancednetworkconfig" text="network interfaces for, selecting"></indexitem>
    <indexitem target="bvank" text="unmounting"></indexitem><indexitem target="bvanm" text="unmounting"></indexitem></indexitem>
 <indexitem text="metadata snapshots., See recovery points"></indexitem>
 <indexitem target="bvadm" text="minimum server release, displaying"></indexitem>
 <indexitem target="bvada" text="monitoring, servers"></indexitem>
 <indexitem text="mount options">
    <indexitem target="bvakq" text="editing"></indexitem><indexitem target="bvang" text="editing"></indexitem>
    <indexitem target="samqfs-filesystemeditmountoptions" text="for file systems"></indexitem></indexitem>
 <indexitem text="mounting">
    <indexitem target="bvako" text="archiving file systems"></indexitem>
    <indexitem target="bvane" text="clients"></indexitem>
    <indexitem target="bvanc" text="metadata servers"></indexitem><indexitem target="bvane" text="metadata servers"></indexitem>
    <indexitem target="bvamz" text="shared file systems"></indexitem><indexitem target="bvana" text="shared file systems"></indexitem>
    <indexitem target="bvako" text="stand-alone, non-archiving file systems"></indexitem>
    <indexitem target="bvaar" text="user privileges to perform"></indexitem></indexitem>
 <indexitem target="bvaba" text="navigation tree"></indexitem>
 <indexitem target="bvaba" text="navigational elements"></indexitem>
 <indexitem text="Network File System (NFS) directories">
    <indexitem target="bvanr" text="about"></indexitem>
    <indexitem target="bvant" text="adding"></indexitem>
    <indexitem target="bvanx" text="changing the status of"></indexitem>
    <indexitem target="bvaet" text="displaying for a file system"></indexitem>
    <indexitem target="bvanv" text="editing options for"></indexitem>
    <indexitem target="bvanz" text="removing"></indexitem></indexitem>
 <indexitem target="samqfs-filesystemeditnfsproperties" text="network file system (NFS) properties of a file system"></indexitem>
 <indexitem target="samqfs-advancednetworkconfig" text="network interfaces, selecting for metadata servers"></indexitem>
 <indexitem text="NFS directories, See Network File System (NFS) directories"></indexitem>
 <indexitem target="bvaau" text="passwords, entering"></indexitem>
 <indexitem text="planning">
    <indexitem target="bvaql" text="archiving"></indexitem>
    <indexitem target="bvakg" text="archiving file systems"></indexitem>
    <indexitem target="bvatc" text="file match criteria"></indexitem>
    <indexitem target="bvalk" text="recovery points"></indexitem>
    <indexitem target="bvamn" text="shared file systems"></indexitem>
    <indexitem target="bvakg" text="stand-alone, non-archiving file systems"></indexitem></indexitem>
 <indexitem text="policies, archive., See archive policies"></indexitem>
 <indexitem target="samqfs-policycopydiskoptions" text="Policy Copy (Disk) Details page"></indexitem>
 <indexitem target="samqfs-policycopytapeoptions" text="Policy Copy (Tape) Details page"></indexitem>
 <indexitem target="samqfs-policycopyvsns" text="Policy Copy volumes page"></indexitem>
 <indexitem target="samqfs-policycriteriadetails" text="Policy Criteria Details page"></indexitem>
 <indexitem target="samqfs-policydetails" text="Policy Details page"></indexitem>
 <indexitem target="bvaso" text="pools, archiving to"></indexitem>
 <indexitem target="bvabq" text="pop-up windows, overview of"></indexitem>
 <indexitem text="potential metadata servers">
    <indexitem target="bvamt" text="adding"></indexitem>
    <indexitem target="bvamv" text="deleting"></indexitem>
    <indexitem target="bvane" text="mounting"></indexitem>
    <indexitem target="bvank" text="unmounting"></indexitem></indexitem>
 <indexitem target="bvaar" text="privileges, assigning user"></indexitem>
 <indexitem text="recovery points">
    <indexitem target="bvalk" text="about"></indexitem>
    <indexitem target="bvbcp" text="damaged or stale files in, troubleshooting"></indexitem>
    <indexitem target="bvaly" text="filtering content of"></indexitem>
    <indexitem target="bvalk" text="planning for"></indexitem>
    <indexitem target="bvalk" text="scheduling"></indexitem>
    <indexitem target="bvaly" text="searching content of"></indexitem></indexitem>
 <indexitem target="bvaxn" text="recycler, about"></indexitem>
 <indexitem target="samqfs-versionhighlights" text="Release Highlights page"></indexitem>
 <indexitem target="bvaql" text="releaser, about"></indexitem>
 <indexitem target="bvaql" text="releasing, about"></indexitem>
 <indexitem target="bvaba" text="report icons"></indexitem>
 <indexitem target="bvabu" text="report tables"></indexitem><indexitem target="bvabu" text="report tables"></indexitem>
 <indexitem text="restoring">
    <indexitem target="bvaez" text="displaying status of process"></indexitem>
    <indexitem target="bvaly" text="file system data"></indexitem>
    <indexitem target="bvalz" text="file systems"></indexitem></indexitem>
 <indexitem text="SAM explorer files or reports., See SAMreports"></indexitem>
 <indexitem target="samqfs-firsttimeconfig" text="SAM-QFS Manager software, installing"></indexitem>
 <indexitem text="SAMreports">
    <indexitem target="bvbcb" text="about"></indexitem>
    <indexitem target="bvbcf" text="displaying"></indexitem>
    <indexitem target="bvbcd" text="generating"></indexitem></indexitem>
 <indexitem target="samqfs-vsnsearch" text="searching, for a volume"></indexitem>
 <indexitem text="security">
    <indexitem target="bvaar" text="limiting user privileges for"></indexitem>
    <indexitem target="bvaaw" text="setting timeout value for"></indexitem></indexitem>
 <indexitem text="servers">
    <indexitem target="bvabs" text="changing current"></indexitem>
    <indexitem text="configuration files on">
        <indexitem target="bvadi" text="displaying"></indexitem></indexitem>
    <indexitem target="samqfs-serverconfiguration" text="configuration of, displaying"></indexitem>
    <indexitem target="bvadk" text="file warning messages for, displaying"></indexitem>
    <indexitem target="bvbcl" text="inaccessible, troubleshooting"></indexitem>
    <indexitem target="bvadg" text="log and trace files installed on, displaying"></indexitem>
    <indexitem target="bvadm" text="minimum release supported for, displaying"></indexitem>
    <indexitem target="bvada" text="monitoring"></indexitem></indexitem>
 <indexitem target="bvaaw" text="session timeout value, setting"></indexitem>
 <indexitem text="shared file systems">
    <indexitem target="bvakb" text="about"></indexitem>
    <indexitem target="bvamp" text="creating"></indexitem>
    <indexitem target="bvang" text="editing mount options for"></indexitem>
    <indexitem target="bvafd" text="hosts in, displaying"></indexitem>
    <indexitem target="bvafb" text="metadata server for, displaying"></indexitem>
    <indexitem target="bvamz" text="mounting and unmounting"></indexitem><indexitem target="bvamz" text="mounting and unmounting"></indexitem><indexitem target="bvana" text="mounting and unmounting"></indexitem><indexitem target="bvani" text="mounting and unmounting"></indexitem>
    <indexitem target="bvamn" text="planning"></indexitem></indexitem>
 <indexitem target="bvamr" text="shared hosts file, creating"></indexitem>
 <indexitem target="bvbch" text="software version, incompatible message, troubleshooting"></indexitem>
 <indexitem target="bvabu" text="sorting tables"></indexitem>
 <indexitem target="samqfs-staging" text="Stage File page"></indexitem>
 <indexitem target="bvaql" text="stager, about"></indexitem>
 <indexitem text="staging">
    <indexitem target="bvaql" text="about"></indexitem>
    <indexitem target="bvayd" text="controlling global activity for"></indexitem>
    <indexitem target="bvayf" text="file or directory on demand"></indexitem></indexitem>
 <indexitem text="stand-alone, non-archiving file systems">
    <indexitem target="bvajx" text="about"></indexitem>
    <indexitem target="bvakm" text="checking"></indexitem>
    <indexitem target="bvaki" text="creating"></indexitem>
    <indexitem target="bvaku" text="deleting"></indexitem>
    <indexitem target="bvakq" text="editing mount options for"></indexitem>
    <indexitem target="bvakk" text="growing"></indexitem>
    <indexitem target="bvako" text="mounting"></indexitem>
    <indexitem target="bvakg" text="planning"></indexitem>
    <indexitem target="bvaks" text="unmounting"></indexitem></indexitem>
 <indexitem text="status and state">
    <indexitem target="bvanx" text="of NFS directories, changing"></indexitem>
    <indexitem target="bvaez" text="of restore processes"></indexitem></indexitem>
 <indexitem target="bvaza" text="STK ACSLS (StorageTek Automated Cartridge System Library Software), adding library for"></indexitem><indexitem target="bvaza" text="STK ACSLS (StorageTek Automated Cartridge System Library Software), adding library for"></indexitem>
 <indexitem target="samqfs-aboutsamqfs" text="storage (Sun SAM)"></indexitem>
 <indexitem target="samqfs-recycler" text="Storage Recycling page"></indexitem>
 <indexitem text="Sun Cluster">
    <indexitem target="samqfs-serversummary" text="to which server belongs, displaying"></indexitem><indexitem target="samqfs-siteinformation" text="to which server belongs, displaying"></indexitem></indexitem>
 <indexitem text="Sun Cluster environment">
    <indexitem target="bvacq" text="adding servers that are part of"></indexitem>
    <indexitem target="ggxbh" text="as relates to HA-QFS file systems"></indexitem><indexitem target="bvajp" text="as relates to HA-QFS file systems"></indexitem><indexitem target="bvakg" text="as relates to HA-QFS file systems"></indexitem></indexitem>
 <indexitem target="samqfs-aboutsamqfs" text="Sun SAM, using with QFS"></indexitem>
 <indexitem target="bvaqm" text="Sun SAM-QFS software, about"></indexitem>
 <indexitem target="bvadm" text="supported release levels"></indexitem>
 <indexitem text="tables">
    <indexitem target="bvabu" text="controls"></indexitem>
    <indexitem target="bvabu" text="filtering"></indexitem>
    <indexitem target="bvabu" text="sorting"></indexitem></indexitem>
 <indexitem target="bvasf" text="tape archiving, enabling"></indexitem>
 <indexitem target="bvaaw" text="timeout value, setting"></indexitem>
 <indexitem target="bvadg" text="trace files on a server, displaying"></indexitem>
 <indexitem text="troubleshooting">
    <indexitem target="bvbcp" text="damaged or stale files in recovery point"></indexitem>
    <indexitem target="bvbcj" text="of device displayed multiple times"></indexitem>
    <indexitem target="bvbcr" text="of fault conditions not displayed"></indexitem>
    <indexitem target="bvbcl" text="of inaccessible server"></indexitem>
    <indexitem target="bvbch" text="of incompatible software version message"></indexitem>
    <indexitem target="bvbcn" text="volumes with no available space"></indexitem></indexitem>
 <indexitem text="unloading">
    <indexitem target="bvazr" text="drives"></indexitem>
    <indexitem target="samqfs-librarysummary" text="libraries"></indexitem><indexitem target="bvayy" text="libraries"></indexitem><indexitem target="bvaze" text="libraries"></indexitem>
    <indexitem target="bvayp" text="Volumes from drives of a library"></indexitem></indexitem>
 <indexitem text="unmounting">
    <indexitem target="bvaks" text="archiving file systems"></indexitem>
    <indexitem target="bvank" text="clients"></indexitem>
    <indexitem target="bvank" text="metadata servers"></indexitem><indexitem target="bvanm" text="metadata servers"></indexitem>
    <indexitem target="bvamz" text="shared file systems"></indexitem><indexitem target="bvani" text="shared file systems"></indexitem>
    <indexitem target="bvaks" text="stand-alone, non-archiving file systems"></indexitem>
    <indexitem target="bvaar" text="user privileges to perform"></indexitem></indexitem>
 <indexitem target="bvaar" text="user privileges, assigning"></indexitem>
 <indexitem text="volume">
    <indexitem target="bvbcn" text="no available space on, troubleshooting"></indexitem>
    <indexitem text="pools">
        <indexitem target="bvavn" text="about"></indexitem>
        <indexitem target="samqfs-createvolumepool" text="creating"></indexitem>
        <indexitem target="bvavt" text="deleting"></indexitem>
        <indexitem target="samqfs-vsnpooldetails" text="details for, displaying"></indexitem>
        <indexitem target="bvavr" text="editing"></indexitem>
        <indexitem target="bvavn" text="managing for archiving"></indexitem>
        <indexitem target="samqfs-vsnpoolsummary" text="summary of, displaying"></indexitem></indexitem></indexitem>
 <indexitem target="samqfs-vsnpoolsummary" text="Volume Pool Summary page"></indexitem>
 <indexitem target="bvatn" text="volume serial names (volumes), modifying in policy copies"></indexitem>
 <indexitem target="samqfs-vsnpooldetails" text="VolumePool Details page"></indexitem>
 <indexitem text="volumes">
    <indexitem target="samqfs-policycopyvsns" text="assigned to policy copies, displaying"></indexitem>
    <indexitem target="bvaso" text="disk or tape, enabling archiving to"></indexitem>
    <indexitem target="samqfs-vsnsearch" text="searching"></indexitem></indexitem>
 <indexitem target="bvadk" text="warning messages in server files, displaying"></indexitem>
 <indexitem target="bvabo" text="wizards"></indexitem>
</index>
