<?xml version='1.0' encoding='ISO-8859-1' ?>

<index version="1.0">
 <indexitem text="activity">
  <indexitem text="archiving, displaying" target="samqfs-06-43_html_wp1043653" />
  <indexitem text="global archiving, controlling" target="samqfs-08-83_html_wp1078498" />
  <indexitem text="global staging, controlling" target="samqfs-08-84_html_wp1078529" />
  <indexitem text="recovery point, displaying status of" target="samqfs-06-20_html_wp1109073" />
  <indexitem text="releasing, displaying" target="samqfs-06-44_html_wp1042490" />
  <indexitem text="staging, displaying" target="samqfs-06-45_html_wp1042515" />
 </indexitem>
 <indexitem text="Activity Management page" target="samqfs-activitymanagement_html_wp1156128" />
 <indexitem text="administrative privileges, assigning" target="samqfs-02-5_html_wp1040621" />
 <indexitem text="Advanced Network Configuration page" target="samqfs-advancednetworkconfig_html_wp1218413" />
 <indexitem text="All Jobs Summary page" target="samqfs-alljobssummary_html_wp1113558" />
 <indexitem text="archive policies">
  <indexitem text="about">
   <indexitem text="(1) About Archive Policies" target="samqfs-08-18_html_wp1049348" />
   <indexitem text="(2) About Archive Policies" target="samqfs-08-18_html_wp1049348" />
  </indexitem>
  <indexitem text="adding file match criteria to" target="samqfs-08-36_html_wp1086297" />
  <indexitem text="adding to file systems" target="samqfs-07-22_html_wp1059566" />
  <indexitem text="administering" target="samqfs-08-17_html_wp1049344" />
  <indexitem text="archiver.cmd file for" target="samqfs-08-19_html_wp1049685" />
  <indexitem text="archiving options for, enabling" target="samqfs-08-24_html_wp1045908" />
  <indexitem text="copies of">
   <indexitem text="about" target="samqfs-08-39_html_wp1060042" />
   <indexitem text="adding" target="samqfs-08-42_html_wp1075528" />
   <indexitem text="administering" target="samqfs-08-38_html_wp1060023" />
   <indexitem text="details, displaying" target="samqfs-policycopydiskoptions_html_wp1154320" />
   <indexitem text="editing" target="samqfs-08-40_html_wp1060046" />
   <indexitem text="removing" target="samqfs-08-43_html_wp1060099" />
   <indexitem text="tape details for, displaying" target="samqfs-policycopytapeoptions_html_wp1154462" />
   <indexitem text="VSN assignments to">
    <indexitem text="(1) Displaying the VSNs Assigned to a Policy Copy" target="samqfs-06-35_html_wp1042120" />
    <indexitem text="(2) Modifying VSN Assignments in a Policy Copy" target="samqfs-08-41_html_wp1060076" />
   </indexitem>
  </indexitem>
  <indexitem text="creating">
   <indexitem text="(1) Creating a Policy" target="samqfs-08-20_html_wp1049706" />
   <indexitem text="(2) Creating a Policy" target="samqfs-08-20_html_wp1049706" />
   <indexitem text="(3) Creating a No-Archive Policy" target="samqfs-08-21_html_wp1049772" />
   <indexitem text="(4) Creating a No-Archive Policy" target="samqfs-08-21_html_wp1049772" />
  </indexitem>
  <indexitem text="deleting" target="samqfs-08-23_html_wp1050516" />
  <indexitem text="details, displaying" target="samqfs-policydetails_html_wp1154855" />
  <indexitem text="editing" target="samqfs-08-22_html_wp1067544" />
  <indexitem text="file match criteria in, displaying" target="samqfs-06-32_html_wp1050346" />
  <indexitem text="managing">
   <indexitem text="(1) Managing Policies for Archiving File Systems" target="samqfs-07-21_html_wp1029141" />
   <indexitem text="(2) Managing Archive Policies" target="samqfs-08-16_html_wp1070712" />
  </indexitem>
  <indexitem text="monitoring" target="samqfs-06-31_html_wp1044945" />
  <indexitem text="no-archive type">
   <indexitem text="about">
    <indexitem text="(1) About Archive Policies" target="samqfs-08-18_html_wp1076477" />
    <indexitem text="(2) About Archive Policies" target="samqfs-08-18_html_wp1076479" />
    <indexitem text="(3) Archive Policies Summary Page" target="samqfs-archivepoliciessummary_html_wp1154280" />
    <indexitem text="(4) About Archiving" target="samqfs-08-06_html_wp1075910" />
   </indexitem>
   <indexitem text="creating">
    <indexitem text="(1) About Archive Management" target="samqfs-08-03_html_wp1037648" />
    <indexitem text="(2) Creating a No-Archive Policy" target="samqfs-08-21_html_wp1049772" />
   </indexitem>
  </indexitem>
  <indexitem text="removing file match criteria from" target="samqfs-08-37_html_wp1059995" />
 </indexitem>
 <indexitem text="Archive Policies Summary page" target="samqfs-archivepoliciessummary_html_wp1154251" />
 <indexitem text="archiver.cmd file" target="samqfs-08-19_html_wp1049685" />
 <indexitem text="archiving">
  <indexitem text="about">
   <indexitem text="(1) About Archive Management" target="samqfs-08-03_html_wp1040547" />
   <indexitem text="(2) About Archiving, Releasing, and Staging" target="samqfs-08-04_html_wp1074477" />
   <indexitem text="(3) About Archiving" target="samqfs-08-06_html_wp1071477" />
  </indexitem>
  <indexitem text="activity">
   <indexitem text="(1) Monitoring Archiving, Releasing, and Staging Activity" target="samqfs-06-42_html_wp1042465" />
   <indexitem text="(2) Displaying Archiving Activity" target="samqfs-06-43_html_wp1043653" />
   <indexitem text="(3) Managing Archiving and Staging Activity" target="samqfs-08-82_html_wp1078478" />
  </indexitem>
  <indexitem text="administering policies for" target="samqfs-08-17_html_wp1049344" />
  <indexitem text="associative">
   <indexitem text="about" target="samqfs-08-09_html_wp1069459" />
   <indexitem text="enabling" target="samqfs-08-27_html_wp1047665" />
  </indexitem>
  <indexitem text="configuring global values for" target="samqfs-08-68_html_wp1077999" />
  <indexitem text="continuous">
   <indexitem text="about" target="samqfs-08-08_html_wp1074593" />
   <indexitem text="enabling" target="samqfs-08-28_html_wp1047662" />
  </indexitem>
  <indexitem text="controlling" target="samqfs-08-12_html_wp1086182" />
  <indexitem text="to disk VSNs" target="samqfs-08-60_html_wp1080144" />
  <indexitem text="to disk, enabling" target="samqfs-08-25_html_wp1047661" />
  <indexitem text="file systems.  See archiving file systems" target="samqfs-08-03_html_wp1040532" />
  <indexitem text="general, setting up" target="samqfs-08-66_html_wp1077919" />
  <indexitem text="global activity for, controlling" target="samqfs-08-83_html_wp1078498" />
  <indexitem text="idling for a file system" target="samqfs-08-14_html_wp1086235" />
  <indexitem text="planning for" target="samqfs-08-07_html_wp1074595" />
  <indexitem text="to pools of VSNs, enabling">
   <indexitem text="(1) Enabling Archiving to Pools of Disk or Tape VSNs" target="samqfs-08-29_html_wp1080062" />
   <indexitem text="(2) Enabling Archiving to Pools of Disk or Tape VSNs" target="samqfs-08-29_html_wp1080062" />
  </indexitem>
  <indexitem text="running for a file system" target="samqfs-08-15_html_wp1086262" />
  <indexitem text="scan methods, about" target="samqfs-08-67_html_wp1077953" />
  <indexitem text="stopping for a file system" target="samqfs-08-14_html_wp1086235" />
  <indexitem text="to tape" target="samqfs-08-26_html_wp1040763" />
 </indexitem>
 <indexitem text="archiving file systems">
  <indexitem text="about" target="samqfs-07-08_html_wp1085756" />
  <indexitem text="adding policies to" target="samqfs-07-22_html_wp1059566" />
  <indexitem text="administering" target="samqfs-07-11_html_wp1081878" />
  <indexitem text="archiver scanning, configuring for" target="samqfs-08-13_html_wp1086200" />
  <indexitem text="archiving for, controlling" target="samqfs-08-12_html_wp1086182" />
  <indexitem text="checking" target="samqfs-07-15_html_wp1038074" />
  <indexitem text="configuring scanning for" target="samqfs-08-13_html_wp1086200" />
  <indexitem text="creating" target="samqfs-07-13_html_wp1082389" />
  <indexitem text="deleting" target="samqfs-07-19_html_wp1038652" />
  <indexitem text="file match criteria for">
   <indexitem text="(1) Adding Existing File Match Criteria to an Archiving File System" target="samqfs-07-23_html_wp1059564" />
   <indexitem text="(2) Reordering File Match Criteria for an Archiving File System" target="samqfs-07-24_html_wp1059689" />
   <indexitem text="(3) Removing File Match Criteria From an Archiving File System" target="samqfs-07-25_html_wp1205330" />
  </indexitem>
  <indexitem text="growing" target="samqfs-07-14_html_wp1070101" />
  <indexitem text="idling archiving for" target="samqfs-08-14_html_wp1086235" />
  <indexitem text="mount options for, editing" target="samqfs-07-17_html_wp1089253" />
  <indexitem text="mounting" target="samqfs-07-16_html_wp1089224" />
  <indexitem text="planning" target="samqfs-07-12_html_wp1082340" />
  <indexitem text="protecting data in">
   <indexitem text="(1) Protecting Archiving File System Data" target="samqfs-07-26_html_wp1076471" />
   <indexitem text="(2) About Protecting Archiving File System Data" target="samqfs-07-27_html_wp1086610" />
  </indexitem>
  <indexitem text="restoring">
   <indexitem text="(1) Restoring Archiving File System Data" target="samqfs-07-35_html_wp1076920" />
   <indexitem text="(2) Restoring an Archiving File System" target="samqfs-07-36_html_wp1076947" />
  </indexitem>
  <indexitem text="running archiving for" target="samqfs-08-15_html_wp1086262" />
  <indexitem text="unmounting" target="samqfs-07-18_html_wp1140331" />
  <indexitem text="VSN association for, creating" target="samqfs-07-20_html_wp1089646" />
 </indexitem>
 <indexitem text="associative archiving">
  <indexitem text="about" target="samqfs-08-09_html_wp1069459" />
  <indexitem text="enabling" target="samqfs-08-27_html_wp1047665" />
 </indexitem>
 <indexitem text="auditing, slots for VSNs in a library" target="samqfs-09-28_html_wp1042995" />
 <indexitem text="banner elements" target="samqfs-03-05_html_wp1044529" />
 <indexitem text="banner pane" target="samqfs-03-04_html_wp1029891" />
 <indexitem text="browser">
  <indexitem text="banner and content panes in" target="samqfs-03-04_html_wp1046631" />
  <indexitem text="navigating through" target="samqfs-03-04_html_wp1053558" />
  <indexitem text="overview of" target="samqfs-03-03_html_wp1040762" />
 </indexitem>
 <indexitem text="catalog, displaying for Historian" target="samqfs-06-40_html_wp1042586" />
 <indexitem text="cleaning drives" target="samqfs-09-18_html_wp1047794" />
 <indexitem text="clients">
  <indexitem text="adding" target="samqfs-07-45_html_wp1090350" />
  <indexitem text="deleting" target="samqfs-07-46_html_wp1090406" />
  <indexitem text="mounting" target="samqfs-07-51_html_wp1090588" />
  <indexitem text="unmounting" target="samqfs-07-54_html_wp1090681" />
 </indexitem>
 <indexitem text="configuration files">
  <indexitem text="overview of" target="samqfs-05-4_html_wp1030215" />
  <indexitem text="server, displaying" target="samqfs-06-08_html_wp1060080" />
 </indexitem>
 <indexitem text="content pane" target="samqfs-03-06_html_wp1014333" />
 <indexitem text="continuous archiving">
  <indexitem text="about" target="samqfs-08-08_html_wp1074593" />
  <indexitem text="enabling" target="samqfs-08-28_html_wp1047662" />
 </indexitem>
 <indexitem text="controls, report table" target="samqfs-03-12_html_wp1044082" />
 <indexitem text="copies of archive policies. See archive policies, copies of" target="samqfs-06-34_html_wp1045379" />
 <indexitem text="Current Jobs Summary page" target="samqfs-currentjobssummary_html_wp1113606" />
 <indexitem text="current server, changing" target="samqfs-03-10_html_wp1044977" />
 <indexitem text="damaged files in recovery point file, troubleshooting" target="samqfs-11-11_html_wp1041551" />
 <indexitem text="Device Fault Summary page" target="samqfs-devicefaultsummary_html_wp1114462" />
 <indexitem text="devices, discovering available" target="samqfs-07-04_html_wp1093593" />
 <indexitem text="directories, displaying NFS" target="samqfs-06-18_html_wp1057380" />
 <indexitem text="discovering available devices" target="samqfs-07-04_html_wp1093593" />
 <indexitem text="disk archiving, enabling" target="samqfs-08-25_html_wp1047661" />
 <indexitem text="disk VSNs">
  <indexitem text="archiving to" target="samqfs-08-60_html_wp1080144" />
  <indexitem text="archiving to a Sun StorageTek 5800 VSN" target="samqfs-08-62_html_wp1080187" />
  <indexitem text="archiving to pools of" target="samqfs-08-29_html_wp1080062" />
  <indexitem text="creating" target="samqfs-08-61_html_wp1080161" />
  <indexitem text="editing the media attributes of" target="samqfs-08-63_html_wp1148765" />
 </indexitem>
 <indexitem text="Disk-Based VSNs page" target="samqfs-diskvsns_html_wp1155397" />
 <indexitem text="Email Alert Summary page" target="samqfs-notificationsummary_html_wp1037516" />
 <indexitem text="email alerts">
  <indexitem text="about" target="samqfs-10-3_html_wp1023615" />
  <indexitem text="changing events for a recipient of" target="samqfs-10-5_html_wp1023634" />
  <indexitem text="creating" target="samqfs-10-4_html_wp1023283" />
  <indexitem text="deleting" target="samqfs-10-6_html_wp1023293" />
  <indexitem text="summary, viewing" target="samqfs-notificationsummary_html_wp1037516" />
 </indexitem>
 <indexitem text="explorer files or reports, SAM. See SAMreports" target="samqfs-11-06_html_wp1044209" />
 <indexitem text="fault conditions not displayed, troubleshooting" target="samqfs-11-12_html_wp1040719" />
 <indexitem text="Fault Summary page" target="samqfs-faultsummary_html_wp1114521" />
 <indexitem text="faults">
  <indexitem text="about" target="samqfs-06-59_html_wp1027271" />
  <indexitem text="acknowledging" target="samqfs-06-61_html_wp1044354" />
  <indexitem text="deleting" target="samqfs-06-62_html_wp1027208" />
  <indexitem text="displaying" target="samqfs-06-60_html_wp1027308" />
  <indexitem text="monitoring" target="samqfs-06-58_html_wp1107547" />
 </indexitem>
 <indexitem text="file match criteria">
  <indexitem text="about" target="samqfs-08-31_html_wp1059856" />
  <indexitem text="adding existing to archiving file systems" target="samqfs-07-23_html_wp1059564" />
  <indexitem text="adding file systems to" target="samqfs-08-33_html_wp1059904" />
  <indexitem text="adding to a policy" target="samqfs-08-36_html_wp1086297" />
  <indexitem text="administering" target="samqfs-08-30_html_wp1059829" />
  <indexitem text="defined in a policy, displaying" target="samqfs-06-32_html_wp1050346" />
  <indexitem text="displaying for a file system" target="samqfs-06-19_html_wp1055878" />
  <indexitem text="editing" target="samqfs-08-32_html_wp1059876" />
  <indexitem text="removing file systems from" target="samqfs-08-34_html_wp1059939" />
  <indexitem text="removing from archiving file system" target="samqfs-07-25_html_wp1205330" />
  <indexitem text="removing from policy" target="samqfs-08-37_html_wp1059995" />
  <indexitem text="reordering for archiving file systems" target="samqfs-07-24_html_wp1059689" />
  <indexitem text="using to display file systems" target="samqfs-06-33_html_wp1050374" />
 </indexitem>
 <indexitem text="file name patterns" target="samqfs-07-38_html_wp1077879" />
 <indexitem text="File System Archive Policies page" target="samqfs-filesystemarchivepolicies_html_wp1218596" />
 <indexitem text="File System Details page" target="samqfs-filesystemdetails_html_wp1218726" />
 <indexitem text="File System Devices page" target="samqfs-filesystemdevices_html_wp1219062" />
 <indexitem text="File System Edit Mount Options page" target="samqfs-filesystemeditmountoptions_html_wp1219115" />
 <indexitem text="File System Manager Release Highlights page" target="samqfs-releasehighlights_html_wp1112367" />
 <indexitem text="File System Manager software, installing" target="samqfs-02-4_html_wp1030742" />
 <indexitem text="File System NFS Details page" target="samqfs-filesystemeditnfsproperties_html_wp1223770" />
 <indexitem text="file systems">
  <indexitem text="about">
   <indexitem text="(1) About File Systems" target="samqfs-07-05_html_wp1093570" />
   <indexitem text="(2) About File Systems" target="samqfs-07-05_html_wp1093570" />
  </indexitem>
  <indexitem text="adding file match criteria to" target="samqfs-08-33_html_wp1059904" />
  <indexitem text="adding NFS directories to" target="samqfs-07-59_html_wp1089745" />
  <indexitem text="archive policies and" target="samqfs-filesystemarchivepolicies_html_wp1218596" />
  <indexitem text="archiving. See archiving file systems" target="samqfs-07-08_html_wp1085756" />
  <indexitem text="details about, displaying" target="samqfs-filesystemdetails_html_wp1218726" />
  <indexitem text="devices on, displaying" target="samqfs-06-17_html_wp1029860" />
  <indexitem text="file match criteria for, displaying" target="samqfs-06-19_html_wp1055878" />
  <indexitem text="file match criteria, displaying using" target="samqfs-06-33_html_wp1050374" />
  <indexitem text="HA-QFS.  See highly available QFS (HA-QFS) file systems" target="samqfs-07-10_html_wp1092413" />
  <indexitem text="managing">
   <indexitem text="(1) Managing File Systems" target="samqfs-07-02_html_wp1135744" />
   <indexitem text="(2) About File System Management" target="samqfs-07-03_html_wp1027643" />
  </indexitem>
  <indexitem text="mount options for" target="samqfs-filesystemeditmountoptions_html_wp1219115" />
  <indexitem text="NFS directories for, displaying" target="samqfs-06-18_html_wp1057380" />
  <indexitem text="NFS properties for" target="samqfs-filesystemeditnfsproperties_html_wp1223770" />
  <indexitem text="protecting data on" target="samqfs-07-26_html_wp1076471" />
  <indexitem text="removing file match criteria from" target="samqfs-08-34_html_wp1059939" />
  <indexitem text="restore files process for, displaying" target="samqfs-06-21_html_wp1057432" />
  <indexitem text="restoring" target="samqfs-restorefilesystem_html_wp1219628" />
  <indexitem text="shared. See shared file systems">
   <indexitem text="(1) Displaying the Metadata Server for a Shared File System" target="samqfs-06-22_html_wp1050524" />
   <indexitem text="(2) About Shared File Systems" target="samqfs-07-09_html_wp1090802" />
  </indexitem>
  <indexitem text="stand-alone, non-archiving. See stand-alone, non-archiving file systems" target="samqfs-07-07_html_wp1089957" />
  <indexitem text="status, displaying">
   <indexitem text="(1) Displaying the Status of a File System" target="samqfs-06-16_html_wp1045167" />
   <indexitem text="(2) Displaying the Status of a File System" target="samqfs-06-16_html_wp1027337" />
  </indexitem>
  <indexitem text="summary information about, displaying" target="samqfs-filesystemssummary_html_wp1219433" />
 </indexitem>
 <indexitem text="File Systems Summary page" target="samqfs-filesystemssummary_html_wp1219433" />
 <indexitem text="filter and search file name patterns" target="samqfs-07-38_html_wp1077879" />
 <indexitem text="filtering">
  <indexitem text="recovery point content" target="samqfs-07-37_html_wp1084280" />
  <indexitem text="tables" target="samqfs-03-14_html_wp1028305" />
 </indexitem>
 <indexitem text="general archiving, setting up" target="samqfs-08-66_html_wp1077919" />
 <indexitem text="General Setup page" target="samqfs-generalarchivingsetup_html_wp1155603" />
 <indexitem text="getting started (overview of tasks)" target="samqfs-04-2_html_wp1030122" />
 <indexitem text="help system, using" target="samqfs-03-15_html_wp1039931" />
 <indexitem text="highly available QFS (HA-QFS) file systems" target="samqfs-07-10_html_wp1092406">
  <indexitem text="about" target="samqfs-07-10_html_wp1092406" />
  <indexitem text="adding servers for" target="samqfs-05-5_html_wp1036284" />
  <indexitem text="creating">
   <indexitem text="(1) About File System Management" target="samqfs-07-03_html_wp1092248" />
   <indexitem text="(2) Planning a Stand-Alone, Non-archiving or Archiving File System" target="samqfs-07-12_html_wp1092151" />
  </indexitem>
 </indexitem>
 <indexitem text="Historian">
  <indexitem text="about" target="samqfs-09-06_html_wp1026711" />
  <indexitem text="displaying catalog information for" target="samqfs-06-40_html_wp1042635" />
 </indexitem>
 <indexitem text="Historian page" target="samqfs-historian_html_wp1071040" />
 <indexitem text="host file, shared, creating" target="samqfs-07-44_html_wp1090320" />
 <indexitem text="hosts, displaying for a shared file system" target="samqfs-06-23_html_wp1050309" />
 <indexitem text="Import VSN page" target="samqfs-importvsn_html_wp1071126" />
 <indexitem text="incompatible software version message, troubleshooting" target="samqfs-11-07_html_wp1041148" />
 <indexitem text="initial configuration tasks" target="samqfs-05-2_html_wp1037596" />
 <indexitem text="installation, of File System Manager software">
  <indexitem text="(1) How the Software Works" target="samqfs-02-4_html_wp1030742" />
  <indexitem text="(2) How the Software Works" target="samqfs-02-4_html_wp1027784" />
 </indexitem>
 <indexitem text="interfaces, selecting for metadata servers" target="samqfs-advancednetworkconfig_html_wp1218413" />
 <indexitem text="Job Details page" target="samqfs-jobdetails_html_wp1113650" />
 <indexitem text="jobs">
  <indexitem text="about" target="samqfs-06-47_html_wp1027266" />
  <indexitem text="canceling" target="samqfs-06-49_html_wp1055771" />
  <indexitem text="current, summary of" target="samqfs-currentjobssummary_html_wp1113606" />
  <indexitem text="details" target="samqfs-jobdetails_html_wp1113650" />
  <indexitem text="displaying" target="samqfs-06-48_html_wp1027277" />
  <indexitem text="monitoring" target="samqfs-06-46_html_wp1042459" />
  <indexitem text="pending, displaying summary of" target="samqfs-pendingjobs_html_wp1114291" />
  <indexitem text="using to view progress of processes" target="samqfs-02-4_html_wp1028943" />
 </indexitem>
 <indexitem text="labeling a VSN" target="samqfs-09-25_html_wp1042889" />
 <indexitem text="libraries">
  <indexitem text="about" target="samqfs-09-08_html_wp1027007" />
  <indexitem text="adding" target="samqfs-09-09_html_wp1039229" />
  <indexitem text="auditing slots for VSNs in" target="samqfs-09-28_html_wp1042995" />
  <indexitem text="changing drive states" target="samqfs-09-15_html_wp1047709" />
  <indexitem text="changing the state of" target="samqfs-09-10_html_wp1047943" />
  <indexitem text="deleting" target="samqfs-09-13_html_wp1050041" />
  <indexitem text="managing" target="samqfs-09-07_html_wp1048495" />
  <indexitem text="managing VSNs in" target="samqfs-09-19_html_wp1047684" />
  <indexitem text="media attributes of VSNs in, editing" target="samqfs-09-29_html_wp1047233" />
  <indexitem text="monitoring" target="samqfs-06-36_html_wp1042207" />
  <indexitem text="mount requests in, displaying" target="samqfs-06-41_html_wp1043568" />
  <indexitem text="status and state, displaying" target="samqfs-06-39_html_wp1042552" />
  <indexitem text="summary, displaying" target="samqfs-librarysummary_html_wp1071197" />
  <indexitem text="supported" target="samqfs-09-05_html_wp1049114" />
  <indexitem text="unloading" target="samqfs-09-11_html_wp1048344" />
  <indexitem text="unloading VSNs from drives in" target="samqfs-09-24_html_wp1043361" />
  <indexitem text="unreserving VSNs in" target="samqfs-09-27_html_wp1042969" />
  <indexitem text="VSN summary, displaying" target="samqfs-libraryvsnsummary_html_wp1071296" />
  <indexitem text="VSNs associated with, displaying" target="samqfs-06-37_html_wp1044122" />
 </indexitem>
 <indexitem text="Library Summary page" target="samqfs-librarysummary_html_wp1071197" />
 <indexitem text="Library VSN Summary page" target="samqfs-libraryvsnsummary_html_wp1071296" />
 <indexitem text="log and trace files on servers, displaying" target="samqfs-06-07_html_wp1059580" />
 <indexitem text="logging in and out" target="samqfs-02-6_html_wp1046825" />
 <indexitem text="management station, software installed on" target="samqfs-02-4_html_wp1030742" />
 <indexitem text="media attributes, editing for disk VSNs" target="samqfs-08-63_html_wp1148765" />
 <indexitem text="media type parameters, configuring global" target="samqfs-08-71_html_wp1078083" />
 <indexitem text="media, removable, managing" target="samqfs-09-02_html_wp1053727" />
 <indexitem text="metadata servers">
  <indexitem text="adding" target="samqfs-07-45_html_wp1090350" />
  <indexitem text="deleting">
   <indexitem text="(1) Deleting a Client or Potential Metadata Server" target="samqfs-07-46_html_wp1090406" />
   <indexitem text="(2) Deleting the Metadata Server" target="samqfs-07-47_html_wp1090436" />
  </indexitem>
  <indexitem text="displaying for a shared file system" target="samqfs-06-22_html_wp1050524" />
  <indexitem text="mounting">
   <indexitem text="(1) Mounting the Metadata Server" target="samqfs-07-50_html_wp1090553" />
   <indexitem text="(2) Mounting a Client or Potential Metadata Server" target="samqfs-07-51_html_wp1090588" />
  </indexitem>
  <indexitem text="network interfaces for, selecting" target="samqfs-advancednetworkconfig_html_wp1218413" />
  <indexitem text="unmounting">
   <indexitem text="(1) Unmounting a Client or Potential Metadata Server" target="samqfs-07-54_html_wp1090681" />
   <indexitem text="(2) Unmounting the Metadata Server" target="samqfs-07-55_html_wp1090707" />
  </indexitem>
 </indexitem>
 <indexitem text="metadata snapshots. See recovery points" target="samqfs-07-29_html_wp1076556" />
 <indexitem text="minimum server release, displaying" target="samqfs-06-10_html_wp1053557" />
 <indexitem text="monitoring">
  <indexitem text="archiving activity" target="samqfs-06-42_html_wp1042465" />
  <indexitem text="environment" target="samqfs-04-2_html_wp1024085" />
  <indexitem text="faults" target="samqfs-06-58_html_wp1107547" />
  <indexitem text="file systems" target="samqfs-06-15_html_wp1051129" />
  <indexitem text="jobs" target="samqfs-06-46_html_wp1042459" />
  <indexitem text="libraries" target="samqfs-06-36_html_wp1042207" />
  <indexitem text="policies" target="samqfs-06-31_html_wp1044945" />
  <indexitem text="releasing activity" target="samqfs-06-42_html_wp1042465" />
  <indexitem text="servers" target="samqfs-06-03_html_wp1028070" />
  <indexitem text="staging activity" target="samqfs-06-42_html_wp1042465" />
 </indexitem>
 <indexitem text="mount options">
  <indexitem text="editing">
   <indexitem text="(1) Editing Mount Options for a Stand-Alone, Non-archiving or Archiving File System" target="samqfs-07-17_html_wp1089253" />
   <indexitem text="(2) Editing Mount Options for a Shared File System" target="samqfs-07-52_html_wp1090618" />
  </indexitem>
  <indexitem text="for file systems" target="samqfs-filesystemeditmountoptions_html_wp1219115" />
 </indexitem>
 <indexitem text="mount requests, displaying for a library" target="samqfs-06-41_html_wp1043568" />
 <indexitem text="mounting">
  <indexitem text="archiving file systems" target="samqfs-07-16_html_wp1089226" />
  <indexitem text="clients" target="samqfs-07-51_html_wp1090588" />
  <indexitem text="media, requests" target="samqfs-06-41_html_wp1043568" />
  <indexitem text="metadata servers">
   <indexitem text="(1) Mounting the Metadata Server" target="samqfs-07-50_html_wp1090553" />
   <indexitem text="(2) Mounting a Client or Potential Metadata Server" target="samqfs-07-51_html_wp1090588" />
  </indexitem>
  <indexitem text="requests in a library, displaying" target="samqfs-06-41_html_wp1043568" />
  <indexitem text="shared file systems">
   <indexitem text="(1) Mounting and Unmounting Shared File Systems" target="samqfs-07-48_html_wp1090481" />
   <indexitem text="(2) Mounting a Shared File System" target="samqfs-07-49_html_wp1090514" />
  </indexitem>
  <indexitem text="stand-alone, non-archiving file systems" target="samqfs-07-16_html_wp1089224" />
  <indexitem text="user privileges to perform" target="samqfs-02-5_html_wp1046548" />
 </indexitem>
 <indexitem text="navigation tree" target="samqfs-03-06_html_wp1043125" />
 <indexitem text="navigational elements" target="samqfs-03-06_html_wp1014333" />
 <indexitem text="Network File System (NFS) directories">
  <indexitem text="about" target="samqfs-07-58_html_wp1089701" />
  <indexitem text="adding" target="samqfs-07-59_html_wp1089745" />
  <indexitem text="changing the status of" target="samqfs-07-61_html_wp1089816" />
  <indexitem text="displaying for a file system" target="samqfs-06-18_html_wp1057380" />
  <indexitem text="editing options for" target="samqfs-07-60_html_wp1089785" />
  <indexitem text="removing" target="samqfs-07-62_html_wp1089843" />
 </indexitem>
 <indexitem text="network file system (NFS) properties of a file system" target="samqfs-filesystemeditnfsproperties_html_wp1223770" />
 <indexitem text="network interfaces, selecting for metadata servers" target="samqfs-advancednetworkconfig_html_wp1218413" />
 <indexitem text="NFS directories See Network File System (NFS) directories" target="samqfs-07-58_html_wp1089702" />
 <indexitem text="notifications. See email alerts" target="samqfs-10-3_html_wp1023615" />
 <indexitem text="online help system, using" target="samqfs-03-15_html_wp1001728" />
 <indexitem text="passwords, entering" target="samqfs-02-6_html_wp1041338" />
 <indexitem text="Pending Jobs Summary page" target="samqfs-pendingjobs_html_wp1114291" />
 <indexitem text="planning">
  <indexitem text="archiving" target="samqfs-08-07_html_wp1074595" />
  <indexitem text="archiving file systems" target="samqfs-07-12_html_wp1082340" />
  <indexitem text="file match criteria" target="samqfs-08-35_html_wp1059972" />
  <indexitem text="recovery points" target="samqfs-07-30_html_wp1076584" />
  <indexitem text="shared file systems" target="samqfs-07-42_html_wp1090202" />
  <indexitem text="stand-alone, non-archiving file systems" target="samqfs-07-12_html_wp1082340" />
 </indexitem>
 <indexitem text="policies, archive. See archive policies" target="samqfs-08-03_html_wp1040532" />
 <indexitem text="Policy Copy (Disk) Details page" target="samqfs-policycopydiskoptions_html_wp1154320" />
 <indexitem text="Policy Copy (Tape) Details page" target="samqfs-policycopytapeoptions_html_wp1154462" />
 <indexitem text="Policy Copy VSNs page" target="samqfs-policycopyvsns_html_wp1154653" />
 <indexitem text="Policy Criteria Details page" target="samqfs-policycriteriadetails_html_wp1154707" />
 <indexitem text="Policy Details page" target="samqfs-policydetails_html_wp1154855" />
 <indexitem text="pools, archiving to" target="samqfs-08-29_html_wp1080062" />
 <indexitem text="pop-up windows, overview of" target="samqfs-03-09_html_wp1045450" />
 <indexitem text="potential metadata servers">
  <indexitem text="adding" target="samqfs-07-45_html_wp1090350" />
  <indexitem text="deleting" target="samqfs-07-46_html_wp1090406" />
  <indexitem text="mounting" target="samqfs-07-51_html_wp1090588" />
  <indexitem text="unmounting" target="samqfs-07-54_html_wp1090681" />
 </indexitem>
 <indexitem text="privileges, assigning user" target="samqfs-02-5_html_wp1046423" />
 <indexitem text="product overview" target="samqfs-02-2_html_wp1048329" />
 <indexitem text="recovery points">
  <indexitem text="about" target="samqfs-07-29_html_wp1076556" />
  <indexitem text="damaged or stale files in, troubleshooting" target="samqfs-11-11_html_wp1041551" />
  <indexitem text="displaying status of activities for" target="samqfs-06-20_html_wp1109073" />
  <indexitem text="editing schedules for" target="samqfs-07-33_html_wp1076865" />
  <indexitem text="filtering content of" target="samqfs-07-37_html_wp1084280" />
  <indexitem text="planning for" target="samqfs-07-30_html_wp1076584" />
  <indexitem text="removing schedules for" target="samqfs-07-34_html_wp1076897" />
  <indexitem text="scheduling">
   <indexitem text="(1) Scheduling and Creating Recovery Points" target="samqfs-07-28_html_wp1076525" />
   <indexitem text="(2) Scheduling the Creation of Recovery Points" target="samqfs-07-31_html_wp1076671" />
   <indexitem text="(3) Recovery Point Schedule Page" target="samqfs-schedulemetadatasnapshots_html_wp1219931" />
  </indexitem>
  <indexitem text="searching content of" target="samqfs-07-37_html_wp1084280" />
  <indexitem text="taking on demand" target="samqfs-07-32_html_wp1076836" />
 </indexitem>
 <indexitem text="recycler">
  <indexitem text="about" target="samqfs-08-77_html_wp1078260" />
  <indexitem text="configuring" target="samqfs-08-76_html_wp1078231" />
  <indexitem text="configuring library recycling values for" target="samqfs-08-79_html_wp1078329" />
  <indexitem text="configuring policy recycling values for" target="samqfs-08-80_html_wp1078360" />
  <indexitem text="running" target="samqfs-08-78_html_wp1078300" />
 </indexitem>
 <indexitem text="Recycler page" target="samqfs-recycler_html_wp1155924" />
 <indexitem text="releaser">
  <indexitem text="about" target="samqfs-08-10_html_wp1070447" />
  <indexitem text="configuring global values for" target="samqfs-08-70_html_wp1078053" />
 </indexitem>
 <indexitem text="releases, supported levels of software" target="samqfs-06-06_html_wp1104824" />
 <indexitem text="releasing">
  <indexitem text="about" target="samqfs-08-04_html_wp1074477" />
  <indexitem text="displaying activity of" target="samqfs-06-44_html_wp1042490" />
  <indexitem text="monitoring activity of" target="samqfs-06-42_html_wp1042465" />
 </indexitem>
 <indexitem text="removable media">
  <indexitem text="about" target="samqfs-09-04_html_wp1049076" />
  <indexitem text="managing" target="samqfs-09-02_html_wp1053727" />
 </indexitem>
 <indexitem text="report icons" target="samqfs-03-07_html_wp1023490" />
 <indexitem text="report tables">
  <indexitem text="(1) About Report Tables" target="samqfs-03-11_html_wp1030464" />
  <indexitem text="(2) Reference: Report Table Controls" target="samqfs-03-12_html_wp1044083" />
 </indexitem>
 <indexitem text="reserving a VSN" target="samqfs-09-26_html_wp1042931" />
 <indexitem text="Restore File System page" target="samqfs-restorefilesystem_html_wp1219628" />
 <indexitem text="restoring">
  <indexitem text="displaying status of process" target="samqfs-06-21_html_wp1057432" />
  <indexitem text="file system data" target="samqfs-07-35_html_wp1076920" />
  <indexitem text="file systems">
   <indexitem text="(1) Restoring an Archiving File System" target="samqfs-07-36_html_wp1076947" />
   <indexitem text="(2) Restore File System Page" target="samqfs-restorefilesystem_html_wp1219628" />
  </indexitem>
 </indexitem>
 <indexitem text="SAM explorer files or reports. See SAMreports" target="samqfs-11-06_html_wp1044209" />
 <indexitem text="SAMreports">
  <indexitem text="about" target="samqfs-11-04_html_wp1041935" />
  <indexitem text="displaying">
   <indexitem text="(1) Server Configuration Page" target="samqfs-serverconfiguration_html_wp1116180" />
   <indexitem text="(2) Displaying SAMreports" target="samqfs-11-06_html_wp1044199" />
  </indexitem>
  <indexitem text="generating" target="samqfs-11-05_html_wp1042068" />
  <indexitem text="troubleshooting with" target="samqfs-11-03_html_wp1041927" />
 </indexitem>
 <indexitem text="scanning methods, archiver" target="samqfs-08-67_html_wp1077953" />
 <indexitem text="Schedule Recovery Point page" target="samqfs-schedulemetadatasnapshots_html_wp1219931" />
 <indexitem text="Search Results page" target="samqfs-searchresults_html_wp1071377" />
 <indexitem text="searching, for a VSN" target="samqfs-vsnsearch_html_wp1042863" />
 <indexitem text="security">
  <indexitem text="limiting user privileges for" target="samqfs-02-5_html_wp1046423" />
  <indexitem text="setting timeout value for" target="samqfs-02-7_html_wp1047093" />
  <indexitem text="through protecting system data" target="samqfs-07-26_html_wp1076471" />
 </indexitem>
 <indexitem text="Server Configuration page" target="samqfs-serverconfiguration_html_wp1112497" />
 <indexitem text="servers">
  <indexitem text="adding">
   <indexitem text="(1) Task Overview: Configuring a Server" target="samqfs-05-3_html_wp1051513" />
   <indexitem text="(2) Adding a Server" target="samqfs-05-5_html_wp1036348" />
  </indexitem>
  <indexitem text="changing current" target="samqfs-03-10_html_wp1026842" />
  <indexitem text="configuration files on">
   <indexitem text="displaying" target="samqfs-06-08_html_wp1060089" />
   <indexitem text="overview of" target="samqfs-05-4_html_wp1030215" />
  </indexitem>
  <indexitem text="configuration of, displaying">
   <indexitem text="(1) Displaying the Configuration of Servers in Your Site" target="samqfs-06-04_html_wp1051231" />
   <indexitem text="(2) Displaying the Configuration of a Server" target="samqfs-06-05_html_wp1057057" />
  </indexitem>
  <indexitem text="configuring" target="samqfs-05-3_html_wp1051513" />
  <indexitem text="file warning messages for, displaying" target="samqfs-06-09_html_wp1057101" />
  <indexitem text="inaccessible, troubleshooting" target="samqfs-11-09_html_wp1041222" />
  <indexitem text="log and trace files installed on, displaying" target="samqfs-06-07_html_wp1059580" />
  <indexitem text="minimum release supported for, displaying" target="samqfs-06-10_html_wp1051145" />
  <indexitem text="monitoring" target="samqfs-06-03_html_wp1028070" />
  <indexitem text="removing" target="samqfs-05-6_html_wp1032321" />
  <indexitem text="software packages on, displaying" target="samqfs-06-06_html_wp1104824" />
 </indexitem>
 <indexitem text="Servers page" target="samqfs-serversummary_html_wp1056565" />
 <indexitem text="session timeout value, setting" target="samqfs-02-7_html_wp1047084" />
 <indexitem text="shared file systems">
  <indexitem text="about" target="samqfs-07-09_html_wp1090802" />
  <indexitem text="administering" target="samqfs-07-41_html_wp1090165" />
  <indexitem text="creating" target="samqfs-07-43_html_wp1090251" />
  <indexitem text="deleting" target="samqfs-07-56_html_wp1090734" />
  <indexitem text="editing mount options for" target="samqfs-07-52_html_wp1090618" />
  <indexitem text="hosts in, displaying" target="samqfs-06-23_html_wp1050309" />
  <indexitem text="metadata server for, displaying" target="samqfs-06-22_html_wp1050524" />
  <indexitem text="mounting and unmounting">
   <indexitem text="(1) Mounting and Unmounting Shared File Systems" target="samqfs-07-48_html_wp1090481" />
   <indexitem text="(2) Mounting and Unmounting Shared File Systems" target="samqfs-07-48_html_wp1090481" />
   <indexitem text="(3) Mounting a Shared File System" target="samqfs-07-49_html_wp1090514" />
   <indexitem text="(4) Unmounting a Shared File System" target="samqfs-07-53_html_wp1090649" />
  </indexitem>
  <indexitem text="planning" target="samqfs-07-42_html_wp1090202" />
 </indexitem>
 <indexitem text="shared hosts file, creating" target="samqfs-07-44_html_wp1090320" />
 <indexitem text="Site Information page" target="samqfs-siteinformation_html_wp1112775" />
 <indexitem text="software packages installed on server, displaying" target="samqfs-06-06_html_wp1104824" />
 <indexitem text="software version, incompatible message, troubleshooting" target="samqfs-11-07_html_wp1041148" />
 <indexitem text="sorting tables" target="samqfs-03-13_html_wp1043750" />
 <indexitem text="Stage File page" target="samqfs-staging_html_wp1156191" />
 <indexitem text="stager">
  <indexitem text="about" target="samqfs-08-11_html_wp1069426" />
  <indexitem text="configuring global values for" target="samqfs-08-69_html_wp1078024" />
 </indexitem>
 <indexitem text="staging">
  <indexitem text="about" target="samqfs-08-04_html_wp1074477" />
  <indexitem text="controlling global activity for" target="samqfs-08-84_html_wp1078529" />
  <indexitem text="displaying activity of" target="samqfs-06-45_html_wp1042515" />
  <indexitem text="file or directory on demand" target="samqfs-08-85_html_wp1086363" />
  <indexitem text="managing activity for" target="samqfs-08-82_html_wp1078478" />
  <indexitem text="monitoring activity of" target="samqfs-06-42_html_wp1042465" />
 </indexitem>
 <indexitem text="stand-alone, non-archiving file systems">
  <indexitem text="about" target="samqfs-07-07_html_wp1089957" />
  <indexitem text="administering" target="samqfs-07-11_html_wp1081878" />
  <indexitem text="checking" target="samqfs-07-15_html_wp1038074" />
  <indexitem text="creating" target="samqfs-07-13_html_wp1082389" />
  <indexitem text="deleting" target="samqfs-07-19_html_wp1038652" />
  <indexitem text="editing mount options for" target="samqfs-07-17_html_wp1089253" />
  <indexitem text="growing" target="samqfs-07-14_html_wp1070101" />
  <indexitem text="mounting" target="samqfs-07-16_html_wp1089224" />
  <indexitem text="planning" target="samqfs-07-12_html_wp1082340" />
  <indexitem text="unmounting" target="samqfs-07-18_html_wp1140331" />
 </indexitem>
 <indexitem text="status and state">
  <indexitem text="changing for a library drive" target="samqfs-09-15_html_wp1047709" />
  <indexitem text="of file systems" target="samqfs-06-16_html_wp1045167" />
  <indexitem text="of libraries, displaying" target="samqfs-06-39_html_wp1042552" />
  <indexitem text="of library, changing" target="samqfs-09-10_html_wp1047943" />
  <indexitem text="of recovery point activities" target="samqfs-06-20_html_wp1109073" />
  <indexitem text="of NFS directories, changing" target="samqfs-07-61_html_wp1089816" />
  <indexitem text="of restore processes" target="samqfs-06-21_html_wp1057432" />
 </indexitem>
 <indexitem text="STK ACSLS (StorageTek Automated Cartridge System Library Software), adding library for">
  <indexitem text="(1) About Supported Libraries and Drives" target="samqfs-09-05_html_wp1072068" />
  <indexitem text="(2) Adding a Library" target="samqfs-09-09_html_wp1052464" />
  <indexitem text="(3) Adding a Library" target="samqfs-09-09_html_wp1051853" />
 </indexitem>
 <indexitem text="StorageTek 5800. See Sun StorageTek 5800" target="samqfs-08-62_html_wp1080187" />
 <indexitem text="StorageTek SAM software. See Sun StorageTek SAM software" target="samqfs-02-4_html_wp1041162" />
 <indexitem text="Sun Cluster">
  <indexitem text="packages installed on server, displaying" target="samqfs-serverconfiguration_html_wp1112580" />
  <indexitem text="to which server belongs, displaying">
   <indexitem text="(1) Servers Page" target="samqfs-serversummary_html_wp1056593" />
   <indexitem text="(2) Server Configuration Page" target="samqfs-serverconfiguration_html_wp1112543" />
   <indexitem text="(3) Site Information Page" target="samqfs-siteinformation_html_wp1112780" />
  </indexitem>
 </indexitem>
 <indexitem text="Sun Cluster environment">
  <indexitem text="adding servers that are part of" target="samqfs-05-5_html_wp1036284" />
  <indexitem text="as relates to HA-QFS file systems">
   <indexitem text="(1) About File System Management" target="samqfs-07-03_html_wp1092248" />
   <indexitem text="(2) About HA-QFS File Systems" target="samqfs-07-10_html_wp1092413" />
   <indexitem text="(3) Planning a Stand-Alone, Non-archiving or Archiving File System" target="samqfs-07-12_html_wp1092151" />
  </indexitem>
 </indexitem>
 <indexitem text="Sun StorageTek 5800">
  <indexitem text="archiving to" target="samqfs-08-62_html_wp1080187" />
 </indexitem>
 <indexitem text="Sun StorageTek SAM software, about" target="samqfs-08-05_html_wp1069332" />
 <indexitem text="supported release levels" target="samqfs-06-10_html_wp1053557" />
 <indexitem text="tables">
  <indexitem text="controls" target="samqfs-03-12_html_wp1044082" />
  <indexitem text="filtering" target="samqfs-03-14_html_wp1028305" />
  <indexitem text="sorting" target="samqfs-03-13_html_wp1043750" />
 </indexitem>
 <indexitem text="tape archiving, enabling" target="samqfs-08-26_html_wp1040763" />
 <indexitem text="tape drives">
  <indexitem text="cleaning" target="samqfs-09-18_html_wp1047794" />
  <indexitem text="details about, displaying" target="samqfs-drivedetails_html_wp1070882" />
  <indexitem text="idling" target="samqfs-09-16_html_wp1047739" />
  <indexitem text="in library, displaying">
   <indexitem text="(1) Displaying the Drives in a Library" target="samqfs-06-38_html_wp1042265" />
   <indexitem text="(2) Displaying the Drives in a Library" target="samqfs-06-38_html_wp1042265" />
  </indexitem>
  <indexitem text="in library, managing" target="samqfs-09-14_html_wp1047687" />
  <indexitem text="supported" target="samqfs-09-05_html_wp1049114" />
  <indexitem text="unloading" target="samqfs-09-17_html_wp1047767" />
 </indexitem>
 <indexitem text="task overview">
  <indexitem text="for configuring servers" target="samqfs-05-3_html_wp1026747" />
  <indexitem text="getting started" target="samqfs-04-2_html_wp1030122" />
 </indexitem>
 <indexitem text="timeout value, setting" target="samqfs-02-7_html_wp1047084" />
 <indexitem text="trace files on a server, displaying" target="samqfs-06-07_html_wp1059580" />
 <indexitem text="troubleshooting">
  <indexitem text="damaged or stale files in recovery point" target="samqfs-11-11_html_wp1041551" />
  <indexitem text="of device displayed multiple times" target="samqfs-11-08_html_wp1041207" />
  <indexitem text="of fault conditions not displayed" target="samqfs-11-12_html_wp1040719" />
  <indexitem text="of inaccessible server" target="samqfs-11-09_html_wp1041222" />
  <indexitem text="of incompatible software version message" target="samqfs-11-07_html_wp1041148" />
  <indexitem text="using SAMreports" target="samqfs-11-03_html_wp1041927" />
  <indexitem text="VSNs with no available space" target="samqfs-11-10_html_wp1041271" />
 </indexitem>
 <indexitem text="unloading">
  <indexitem text="drives" target="samqfs-09-17_html_wp1047768" />
  <indexitem text="libraries">
   <indexitem text="(1) Library Summary Page" target="samqfs-librarysummary_html_wp1071237" />
   <indexitem text="(2) About Libraries" target="samqfs-09-08_html_wp1049886" />
   <indexitem text="(3) Unloading a Library" target="samqfs-09-11_html_wp1048344" />
   <indexitem text="(4) Unloading a Library" target="samqfs-09-11_html_wp1043211" />
  </indexitem>
  <indexitem text="VSNs from drives of a library">
   <indexitem text="(1) About Removable Media Management" target="samqfs-09-03_html_wp1049054" />
   <indexitem text="(2) Unloading a VSN From a Drive in a Library" target="samqfs-09-24_html_wp1043361" />
  </indexitem>
 </indexitem>
 <indexitem text="unmounting">
  <indexitem text="archiving file systems">
   <indexitem text="(1) Unmounting a Stand-Alone, Non-archiving or Archiving File System" target="samqfs-07-18_html_wp1140331" />
   <indexitem text="(2) Unmounting a Stand-Alone, Non-archiving or Archiving File System" target="samqfs-07-18_html_wp1140331" />
  </indexitem>
  <indexitem text="clients" target="samqfs-07-54_html_wp1090681" />
  <indexitem text="metadata servers">
   <indexitem text="(1) Unmounting a Client or Potential Metadata Server" target="samqfs-07-54_html_wp1090681" />
   <indexitem text="(2) Unmounting the Metadata Server" target="samqfs-07-55_html_wp1090707" />
  </indexitem>
  <indexitem text="shared file systems">
   <indexitem text="(1) Mounting and Unmounting Shared File Systems" target="samqfs-07-48_html_wp1090481" />
   <indexitem text="(2) Unmounting a Shared File System" target="samqfs-07-53_html_wp1090649" />
  </indexitem>
  <indexitem text="stand-alone, non-archiving file systems" target="samqfs-07-18_html_wp1140331" />
  <indexitem text="user privileges to perform" target="samqfs-02-5_html_wp1046548" />
 </indexitem>
 <indexitem text="unreserving VSNs" target="samqfs-09-27_html_wp1042969" />
 <indexitem text="user privileges, assigning" target="samqfs-02-5_html_wp1046423" />
 <indexitem text="volume serial names (VSNs)">
  <indexitem text="about creating associations with archiving file systems" target="samqfs-07-20_html_wp1089646" />
  <indexitem text="assigned to policy copies, displaying">
   <indexitem text="(1) Displaying the VSNs Assigned to a Policy Copy" target="samqfs-06-35_html_wp1042120" />
   <indexitem text="(2) Policy Copy VSNs Page" target="samqfs-policycopyvsns_html_wp1154653" />
  </indexitem>
  <indexitem text="auditing slots in a library for" target="samqfs-09-28_html_wp1042995" />
  <indexitem text="creating disk" target="samqfs-08-61_html_wp1080161" />
  <indexitem text="details, viewing" target="samqfs-vsndetails_html_wp1071425" />
  <indexitem text="disk or tape, enabling archiving to" target="samqfs-08-29_html_wp1080062" />
  <indexitem text="editing attributes for" target="samqfs-09-29_html_wp1047233" />
  <indexitem text="exporting" target="samqfs-09-22_html_wp1043159" />
  <indexitem text="importing" target="samqfs-09-21_html_wp1027444" />
  <indexitem text="in a library, managing" target="samqfs-09-19_html_wp1047684" />
  <indexitem text="labeling" target="samqfs-09-25_html_wp1042889" />
  <indexitem text="library, displaying" target="samqfs-06-37_html_wp1044122" />
  <indexitem text="loading into a library" target="samqfs-09-23_html_wp1043367" />
  <indexitem text="managing disk for archiving" target="samqfs-08-59_html_wp1080123" />
  <indexitem text="modifying in policy copies" target="samqfs-08-41_html_wp1060076" />
  <indexitem text="no available space on, troubleshooting" target="samqfs-11-10_html_wp1041271" />
  <indexitem text="pools">
   <indexitem text="about" target="samqfs-08-52_html_wp1077502" />
   <indexitem text="creating" target="samqfs-08-53_html_wp1077519" />
   <indexitem text="deleting" target="samqfs-08-55_html_wp1077579" />
   <indexitem text="details for, displaying" target="samqfs-vsnpooldetails_html_wp1155145" />
   <indexitem text="editing" target="samqfs-08-54_html_wp1077551" />
   <indexitem text="managing for archiving" target="samqfs-08-51_html_wp1089672" />
   <indexitem text="summary of, displaying" target="samqfs-vsnpoolsummary_html_wp1155235" />
  </indexitem>
  <indexitem text="reserving" target="samqfs-09-26_html_wp1042931" />
  <indexitem text="searching" target="samqfs-vsnsearch_html_wp1042863" />
  <indexitem text="unloading from drives of a library" target="samqfs-09-24_html_wp1043361" />
  <indexitem text="unreserving" target="samqfs-09-27_html_wp1042969" />
 </indexitem>
 <indexitem text="VSN Details page" target="samqfs-vsndetails_html_wp1071425" />
 <indexitem text="VSN Pool Details page" target="samqfs-vsnpooldetails_html_wp1155145" />
 <indexitem text="VSN Pool Summary page" target="samqfs-vsnpoolsummary_html_wp1155235" />
 <indexitem text="VSNs. See volume serial names (VSNs)" target="samqfs-09-27_html_wp1042971" />
 <indexitem text="warning messages in server files, displaying" target="samqfs-06-09_html_wp1057101" />
 <indexitem text="wizards" target="samqfs-03-08_html_wp1039502" />
</index>
