<?xml version='1.0' encoding='utf-8'?>
<!-- ident   "%Z%%M% %I%   %E% SMI" -->
<!DOCTYPE index PUBLIC "-//Sun Microsystems Inc.//DTD JavaHelp Index Version 2.0//EN" "index_1_0.dtd">
<index version="2.0">

 <indexitem text="activity">
    <indexitem target="bvagn" text="archiving, displaying"></indexitem>
    <indexitem target="bvaya" text="global archiving, controlling"></indexitem>
    <indexitem target="bvaya" text="global staging, controlling"></indexitem>
    <indexitem target="bvaex" text="recovery point, displaying status of"></indexitem>
    <indexitem target="bvagp" text="releasing, displaying"></indexitem>
    <indexitem target="bvagr" text="staging, displaying"></indexitem></indexitem>
 <indexitem target="samqfs-activitymanagement" text="Activity Management page"></indexitem>
 <indexitem target="bvaar" text="administrative privileges, assigning"></indexitem>
 <indexitem target="samqfs-advancednetworkconfig" text="Advanced Network Configuration page"></indexitem>
 <indexitem target="samqfs-aboutsamqfs" text="archive management (Sun StorageTek SAM)"></indexitem>
 <indexitem text="archive policies">
    <indexitem target="bvast" text="adding file match criteria to"></indexitem>
    <indexitem target="bvakz" text="adding to file systems"></indexitem>
    <indexitem target="bvarz" text="archiving options for, enabling"></indexitem>
    <indexitem text="copies of">
        <indexitem target="bvati" text="about"></indexitem>
        <indexitem target="bvati" text="adding"></indexitem>
        <indexitem target="bvati" text="administering"></indexitem>
        <indexitem target="samqfs-policycopydiskoptions" text="details, displaying"></indexitem>
        <indexitem target="bvati" text="editing"></indexitem>
        <indexitem target="bvati" text="removing"></indexitem>
        <indexitem target="samqfs-policycopytapeoptions" text="tape details for, displaying"></indexitem>
        <indexitem target="bvati" text="VSN assignments to"></indexitem><indexitem target="bvafz" text="VSN assignments to"></indexitem></indexitem>
    <indexitem target="samqfs-policydetails" text="details, displaying"></indexitem>
    <indexitem target="bvaft" text="file match criteria in, displaying"></indexitem>
    <indexitem target="bvaky" text="managing"></indexitem><indexitem target="bvark" text="managing"></indexitem>
    <indexitem target="bvafs" text="monitoring"></indexitem>
    <indexitem text="no-archive type">
        <indexitem target="bvaql" text="about"></indexitem><indexitem target="samqfs-archivepoliciessummary" text="about"></indexitem>
        <indexitem target="bvaqj" text="creating"></indexitem></indexitem>
    <indexitem target="bvast" text="removing file match criteria from"></indexitem></indexitem>
 <indexitem target="samqfs-archivepoliciessummary" text="Archive Policies Summary page"></indexitem>
 <indexitem text="archiving">
    <indexitem target="bvaqj" text="about"></indexitem><indexitem target="bvaql" text="about"></indexitem><indexitem target="bvaql" text="about"></indexitem>
    <indexitem target="bvaya" text="activity"></indexitem><indexitem target="bvagm" text="activity"></indexitem><indexitem target="bvagn" text="activity"></indexitem>
    <indexitem text="associative">
        <indexitem target="bvaql" text="about"></indexitem>
        <indexitem target="bvarz" text="enabling"></indexitem></indexitem>
    <indexitem target="bvaww" text="configuring global values for"></indexitem>
    <indexitem text="continuous">
        <indexitem target="bvaql" text="about"></indexitem>
        <indexitem target="bvarz" text="enabling"></indexitem></indexitem>
    <indexitem target="bvard" text="controlling"></indexitem>
    <indexitem text="file systems.">
        <indexitem text="See archiving file systems"></indexitem></indexitem>
    <indexitem target="bvaya" text="global activity for, controlling"></indexitem>
    <indexitem target="bvard" text="idling for a file system"></indexitem>
    <indexitem target="bvaql" text="planning for"></indexitem>
    <indexitem target="bvard" text="running for a file system"></indexitem>
    <indexitem target="bvard" text="stopping for a file system"></indexitem>
    <indexitem target="bvarz" text="to disk, enabling"></indexitem>
    <indexitem target="samqfs-diskvsns" text="to disk VSNs"></indexitem>
    <indexitem target="bvarz" text="to pools of VSNs, enabling"></indexitem><indexitem target="bvarz" text="to pools of VSNs, enabling"></indexitem>
    <indexitem target="bvarz" text="to tape"></indexitem></indexitem>
 <indexitem text="archiving file systems">
    <indexitem target="bvajz" text="about"></indexitem>
    <indexitem target="bvakz" text="adding policies to"></indexitem>
    <indexitem target="bvakf" text="administering"></indexitem>
    <indexitem target="bvard" text="archiver scanning, configuring for"></indexitem>
    <indexitem target="bvard" text="archiving for, controlling"></indexitem>
    <indexitem target="bvakm" text="checking"></indexitem>
    <indexitem target="bvard" text="configuring scanning for"></indexitem>
    <indexitem target="bvaki" text="creating"></indexitem>
    <indexitem target="bvaku" text="deleting"></indexitem>
    <indexitem target="bvalb" text="file match criteria for"></indexitem><indexitem target="bvald" text="file match criteria for"></indexitem><indexitem target="bvalf" text="file match criteria for"></indexitem>
    <indexitem target="bvakk" text="growing"></indexitem>
    <indexitem target="bvard" text="idling archiving for"></indexitem>
    <indexitem target="bvakq" text="mount options for, editing"></indexitem>
    <indexitem target="bvako" text="mounting"></indexitem>
    <indexitem target="bvakg" text="planning"></indexitem>
    <indexitem target="bvalh" text="protecting data in"></indexitem><indexitem target="bvali" text="protecting data in"></indexitem>
    <indexitem target="bvaly" text="restoring"></indexitem><indexitem target="bvaly" text="restoring"></indexitem>
    <indexitem target="bvard" text="running archiving for"></indexitem>
    <indexitem target="bvaks" text="unmounting"></indexitem>
    <indexitem target="bvakw" text="Volume association for, creating"></indexitem></indexitem>
 <indexitem text="associative archiving">
    <indexitem target="bvaql" text="about"></indexitem>
    <indexitem target="bvarz" text="enabling"></indexitem></indexitem>
 <indexitem target="bvazv" text="auditing, slots for VSNs in a library"></indexitem>
 <indexitem target="bvabe" text="banner elements"></indexitem>
 <indexitem target="bvabb" text="banner pane"></indexitem>
 <indexitem text="browser">
    <indexitem target="bvabb" text="banner and content panes in"></indexitem>
    <indexitem target="bvabb" text="navigating through"></indexitem>
    <indexitem target="bvaba" text="overview of"></indexitem></indexitem>
 <indexitem target="bvagi" text="catalog, displaying for Historian"></indexitem>
 <indexitem text="clients">
    <indexitem target="bvamt" text="adding"></indexitem>
    <indexitem target="bvamv" text="deleting"></indexitem>
    <indexitem target="bvamz" text="mounting"></indexitem>
    <indexitem target="bvamz" text="unmounting"></indexitem></indexitem>
 <indexitem text="configuration files">
    <indexitem target="bvacn" text="overview of"></indexitem>
    <indexitem target="bvadi" text="server, displaying"></indexitem></indexitem>
 <indexitem target="ggxob" text="configuring clients"></indexitem>
 <indexitem target="ggxob" text="configuring servers"></indexitem>
 <indexitem target="bvabi" text="content pane"></indexitem>
 <indexitem text="continuous archiving">
    <indexitem target="bvaql" text="about"></indexitem>
    <indexitem target="bvarz" text="enabling"></indexitem></indexitem>
 <indexitem target="bvabv" text="controls, report table"></indexitem>
 <indexitem text="copies of archive policies., See archive policies, copies of"></indexitem>
 <indexitem target="bvabs" text="current server, changing"></indexitem>
 <indexitem target="bvajr" text="devices, discovering available"></indexitem>
 <indexitem target="bvaet" text="directories, displaying NFS"></indexitem>
 <indexitem target="bvajr" text="discovering available devices"></indexitem>
 <indexitem target="bvarz" text="disk archiving, enabling"></indexitem>
 <indexitem target="samqfs-diskvsns" text="Disk-Based VSNs page"></indexitem>
 <indexitem text="disk VSNs">
    <indexitem target="samqfs-diskvsns" text="archiving to"></indexitem>
    <indexitem target="samqfs-diskvsns" text="archiving to a Sun StorageTek 5800 VSN"></indexitem>
    <indexitem target="bvarz" text="archiving to pools of"></indexitem>
    <indexitem target="samqfs-diskvsns" text="creating"></indexitem>
    <indexitem target="samqfs-diskvsns" text="editing the media attributes of"></indexitem></indexitem>
 <indexitem target="bvbbm" text="Email Alert Summary page"></indexitem>
 <indexitem text="email alerts">
    <indexitem target="bvbbs" text="changing events for a recipient of"></indexitem>
    <indexitem target="bvbbq" text="creating"></indexitem>
    <indexitem target="bvbbu" text="deleting"></indexitem>
    <indexitem target="bvbbm" text="summary, viewing"></indexitem></indexitem>
 <indexitem text="explorer files or reports, SAM., See SAMreports"></indexitem>
 <indexitem text="faults">
    <indexitem target="samqfs-faultsummary" text="about"></indexitem>
    <indexitem target="bvajd" text="acknowledging"></indexitem>
    <indexitem target="bvajf" text="deleting"></indexitem>
    <indexitem target="bvajb" text="displaying"></indexitem>
    <indexitem target="bvaix" text="monitoring"></indexitem></indexitem>
 <indexitem text="file match criteria">
    <indexitem target="bvast" text="about"></indexitem>
    <indexitem target="bvalb" text="adding existing to archiving file systems"></indexitem>
    <indexitem target="bvast" text="adding file systems to"></indexitem>
    <indexitem target="bvast" text="adding to a policy"></indexitem>
    <indexitem target="bvast" text="administering"></indexitem>
    <indexitem target="bvaft" text="defined in a policy, displaying"></indexitem>
    <indexitem target="bvaev" text="displaying for a file system"></indexitem>
    <indexitem target="bvast" text="editing"></indexitem>
    <indexitem target="bvast" text="removing file systems from"></indexitem>
    <indexitem target="bvalf" text="removing from archiving file system"></indexitem>
    <indexitem target="bvast" text="removing from policy"></indexitem>
    <indexitem target="bvald" text="reordering for archiving file systems"></indexitem>
    <indexitem target="bvafv" text="using to display file systems"></indexitem></indexitem>
 <indexitem target="bvaly" text="file name patterns"></indexitem>
 <indexitem target="samqfs-filesystemarchivepolicies" text="File System Archive Policies page"></indexitem>
 <indexitem target="samqfs-filesystemdetails" text="File System Details page"></indexitem>
 <indexitem target="samqfs-filesystemeditmountoptions" text="File System Edit Mount Options page"></indexitem>
 <indexitem target="bvado" text="File System Manager Release Highlights page"></indexitem>
 <indexitem target="samqfs-filesystemeditnfsproperties" text="File System NFS Details page"></indexitem>
 <indexitem text="file systems">
    <indexitem target="bvajt" text="about"></indexitem><indexitem target="bvajt" text="about"></indexitem>
    <indexitem target="bvast" text="adding file match criteria to"></indexitem>
    <indexitem target="bvant" text="adding NFS directories to"></indexitem>
    <indexitem target="samqfs-filesystemarchivepolicies" text="archive policies and"></indexitem>
    <indexitem text="archiving.">
        <indexitem text="See archiving file systems"></indexitem></indexitem>
    <indexitem target="samqfs-filesystemdetails" text="details about, displaying"></indexitem>
    <indexitem target="bvaer" text="devices on, displaying"></indexitem>
    <indexitem target="bvafv" text="file match criteria, displaying using"></indexitem>
    <indexitem target="bvaev" text="file match criteria for, displaying"></indexitem>
    <indexitem target="bvajo" text="managing"></indexitem><indexitem target="bvajp" text="managing"></indexitem>
    <indexitem target="samqfs-filesystemeditmountoptions" text="mount options for"></indexitem>
    <indexitem target="bvaet" text="NFS directories for, displaying"></indexitem>
    <indexitem target="samqfs-filesystemeditnfsproperties" text="NFS properties for"></indexitem>
    <indexitem target="bvalh" text="protecting data on"></indexitem>
    <indexitem target="bvast" text="removing file match criteria from"></indexitem>
    <indexitem target="bvaez" text="restore files process for, displaying"></indexitem>
    <indexitem text="shared.">
        <indexitem text="See shared file systems"></indexitem></indexitem>
    <indexitem text="stand-alone, non-archiving.">
        <indexitem text="See stand-alone, non-archiving file systems"></indexitem></indexitem>
    <indexitem target="bvaep" text="status, displaying"></indexitem><indexitem target="bvaep" text="status, displaying"></indexitem>
    <indexitem target="samqfs-filesystemssummary" text="summary information about, displaying"></indexitem></indexitem>
 <indexitem target="samqfs-filesystemssummary" text="File Systems Summary page"></indexitem>
 <indexitem target="bvaly" text="filter and search file name patterns"></indexitem>
 <indexitem text="filtering">
    <indexitem target="bvaly" text="recovery point content"></indexitem>
    <indexitem target="bvaca" text="tables"></indexitem></indexitem>
 <indexitem target="samqfs-generalarchivingsetup" text="General Setup page"></indexitem>
 <indexitem target="bvaws" text="global parameters, setting up"></indexitem>
 <indexitem target="bvacc" text="help system, using"></indexitem>
 <indexitem target="bvagi" text="Historian, displaying catalog information for"></indexitem>
 <indexitem target="bvamr" text="host file, shared, creating"></indexitem>
 <indexitem target="bvafd" text="hosts, displaying for a shared file system"></indexitem>
 <indexitem target="samqfs-importvsn" text="Import VSN page"></indexitem>
 <indexitem target="ghcik" text="initial configuration tasks"></indexitem>
 <indexitem target="samqfs-firsttimeconfig" text="installation, of SAM—QFS Manager software"></indexitem><indexitem target="samqfs-firsttimeconfig" text="installation, of SAM—QFS Manager software"></indexitem>
 <indexitem target="samqfs-advancednetworkconfig" text="interfaces, selecting for metadata servers"></indexitem>
 <indexitem text="jobs">
    <indexitem target="samqfs-jobssummary" text="about"></indexitem>
    <indexitem target="samqfs-jobdetails" text="canceling"></indexitem>
    <indexitem target="samqfs-jobdetails" text="displaying"></indexitem>
    <indexitem target="samqfs-firsttimeconfig" text="using to view progress of processes"></indexitem></indexitem>
 <indexitem target="bvazv" text="labeling a VSN"></indexitem>
 <indexitem text="libraries">
    <indexitem target="bvazv" text="auditing slots for VSNs in"></indexitem>
    <indexitem target="bvayy" text="changing drive states"></indexitem>
    <indexitem target="bvazv" text="media attributes of VSNs in, editing"></indexitem>
    <indexitem target="bvagb" text="monitoring"></indexitem>
    <indexitem target="bvagk" text="mount requests in, displaying"></indexitem>
    <indexitem target="bvagg" text="status and state, displaying"></indexitem>
    <indexitem target="bvazv" text="unloading VSNs from drives in"></indexitem>
    <indexitem target="bvazv" text="unreserving VSNs in"></indexitem>
    <indexitem target="bvagc" text="VSNs associated with, displaying"></indexitem></indexitem>
 <indexitem target="bvadg" text="log and trace files on servers, displaying"></indexitem>
 <indexitem target="bvaau" text="logging in and out"></indexitem>
 <indexitem target="samqfs-firsttimeconfig" text="management station, software installed on"></indexitem>
 <indexitem target="samqfs-diskvsns" text="media attributes, editing for disk VSNs"></indexitem>
 <indexitem target="bvaxc" text="media type parameters, configuring global"></indexitem>
 <indexitem text="metadata servers">
    <indexitem target="bvamt" text="adding"></indexitem>
    <indexitem target="bvamv" text="deleting"></indexitem><indexitem target="bvamx" text="deleting"></indexitem>
    <indexitem target="bvafb" text="displaying for a shared file system"></indexitem>
    <indexitem target="bvamz" text="mounting"></indexitem><indexitem target="bvamz" text="mounting"></indexitem>
    <indexitem target="samqfs-advancednetworkconfig" text="network interfaces for, selecting"></indexitem>
    <indexitem target="bvamz" text="unmounting"></indexitem><indexitem target="bvamz" text="unmounting"></indexitem></indexitem>
 <indexitem text="metadata snapshots., See recovery points"></indexitem>
 <indexitem target="bvadm" text="minimum server release, displaying"></indexitem>
 <indexitem text="monitoring">
    <indexitem target="bvagm" text="archiving activity"></indexitem>
    <indexitem target="bvaix" text="faults"></indexitem>
    <indexitem target="bvaeo" text="file systems"></indexitem>
    <indexitem target="bvagb" text="libraries"></indexitem>
    <indexitem target="bvafs" text="policies"></indexitem>
    <indexitem target="bvagm" text="releasing activity"></indexitem>
    <indexitem target="bvacz" text="servers"></indexitem>
    <indexitem target="bvagm" text="staging activity"></indexitem></indexitem>
 <indexitem text="mount options">
    <indexitem target="bvakq" text="editing"></indexitem><indexitem target="bvamz" text="editing"></indexitem>
    <indexitem target="samqfs-filesystemeditmountoptions" text="for file systems"></indexitem></indexitem>
 <indexitem target="bvagk" text="mount requests, displaying for a library"></indexitem>
 <indexitem text="mounting">
    <indexitem target="bvako" text="archiving file systems"></indexitem>
    <indexitem target="bvamz" text="clients"></indexitem>
    <indexitem target="bvagk" text="media, requests"></indexitem>
    <indexitem target="bvamz" text="metadata servers"></indexitem><indexitem target="bvamz" text="metadata servers"></indexitem>
    <indexitem target="bvagk" text="requests in a library, displaying"></indexitem>
    <indexitem target="bvamz" text="shared file systems"></indexitem><indexitem target="bvamz" text="shared file systems"></indexitem>
    <indexitem target="bvako" text="stand-alone, non-archiving file systems"></indexitem>
    <indexitem target="bvaar" text="user privileges to perform"></indexitem></indexitem>
 <indexitem target="bvabi" text="navigation tree"></indexitem>
 <indexitem target="bvabi" text="navigational elements"></indexitem>
 <indexitem text="Network File System (NFS) directories">
    <indexitem target="bvanr" text="about"></indexitem>
    <indexitem target="bvant" text="adding"></indexitem>
    <indexitem target="bvanx" text="changing the status of"></indexitem>
    <indexitem target="bvaet" text="displaying for a file system"></indexitem>
    <indexitem target="bvanv" text="editing options for"></indexitem>
    <indexitem target="bvanz" text="removing"></indexitem></indexitem>
 <indexitem target="samqfs-filesystemeditnfsproperties" text="network file system (NFS) properties of a file system"></indexitem>
 <indexitem target="samqfs-advancednetworkconfig" text="network interfaces, selecting for metadata servers"></indexitem>
 <indexitem text="NFS directories, See Network File System (NFS) directories"></indexitem>
 <indexitem target="bvacc" text="online help system, using"></indexitem>
 <indexitem target="bvaau" text="passwords, entering"></indexitem>
 <indexitem text="planning">
    <indexitem target="bvaql" text="archiving"></indexitem>
    <indexitem target="bvakg" text="archiving file systems"></indexitem>
    <indexitem target="bvast" text="file match criteria"></indexitem>
    <indexitem target="bvalk" text="recovery points"></indexitem>
    <indexitem target="bvamn" text="shared file systems"></indexitem>
    <indexitem target="bvakg" text="stand-alone, non-archiving file systems"></indexitem></indexitem>
 <indexitem text="policies, archive., See archive policies"></indexitem>
 <indexitem target="samqfs-policycopydiskoptions" text="Policy Copy (Disk) Details page"></indexitem>
 <indexitem target="samqfs-policycopytapeoptions" text="Policy Copy (Tape) Details page"></indexitem>
 <indexitem target="samqfs-policycopyvsns" text="Policy Copy VSNs page"></indexitem>
 <indexitem target="samqfs-policycriteriadetails" text="Policy Criteria Details page"></indexitem>
 <indexitem target="samqfs-policydetails" text="Policy Details page"></indexitem>
 <indexitem target="bvarz" text="pools, archiving to"></indexitem>
 <indexitem target="bvabq" text="pop-up windows, overview of"></indexitem>
 <indexitem text="potential metadata servers">
    <indexitem target="bvamt" text="adding"></indexitem>
    <indexitem target="bvamv" text="deleting"></indexitem>
    <indexitem target="bvamz" text="mounting"></indexitem>
    <indexitem target="bvamz" text="unmounting"></indexitem></indexitem>
 <indexitem target="bvaar" text="privileges, assigning user"></indexitem>
 <indexitem target="samqfs-gettingstarted" text="product overview"></indexitem>
 <indexitem text="recovery points">
    <indexitem target="bvalk" text="about"></indexitem>
    <indexitem target="bvaex" text="displaying status of activities for"></indexitem>
    <indexitem target="bvalk" text="editing schedules for"></indexitem>
    <indexitem target="bvaly" text="filtering content of"></indexitem>
    <indexitem target="bvalk" text="planning for"></indexitem>
    <indexitem target="bvalk" text="removing schedules for"></indexitem>
    <indexitem target="bvalk" text="scheduling"></indexitem><indexitem target="bvalk" text="scheduling"></indexitem>
    <indexitem target="bvaly" text="searching content of"></indexitem>
    <indexitem target="bvalk" text="taking on demand"></indexitem></indexitem>
 <indexitem text="recycler">
    <indexitem target="bvaxn" text="about"></indexitem>
    <indexitem target="bvaxt" text="configuring library recycling values for"></indexitem>
    <indexitem target="bvaxv" text="configuring policy recycling values for"></indexitem>
    <indexitem target="bvaxr" text="running"></indexitem></indexitem>
 <indexitem text="releaser">
    <indexitem target="bvaql" text="about"></indexitem>
    <indexitem target="bvaxa" text="configuring global values for"></indexitem></indexitem>
 <indexitem target="bvade" text="releases, supported levels of software"></indexitem>
 <indexitem text="releasing">
    <indexitem target="bvaql" text="about"></indexitem>
    <indexitem target="bvagp" text="displaying activity of"></indexitem>
    <indexitem target="bvagm" text="monitoring activity of"></indexitem></indexitem>
 <indexitem target="bvayr" text="removable media, about"></indexitem>
 <indexitem target="bvabl" text="report icons"></indexitem>
 <indexitem target="bvabu" text="report tables"></indexitem><indexitem target="bvabv" text="report tables"></indexitem>
 <indexitem target="bvazv" text="reserving a VSN"></indexitem>
 <indexitem text="restoring">
    <indexitem target="bvaez" text="displaying status of process"></indexitem>
    <indexitem target="bvaly" text="file system data"></indexitem>
    <indexitem target="bvaly" text="file systems"></indexitem></indexitem>
 <indexitem text="SAM explorer files or reports., See SAMreports"></indexitem>
 <indexitem target="samqfs-firsttimeconfig" text="SAM—QFS Manager software, installing"></indexitem>
 <indexitem text="SAMreports">
    <indexitem target="bvbcb" text="about"></indexitem>
    <indexitem target="bvbcf" text="displaying"></indexitem>
    <indexitem target="bvbcd" text="generating"></indexitem>
    <indexitem target="bvbca" text="troubleshooting with"></indexitem></indexitem>
 <indexitem target="samqfs-vsnsearch" text="searching, for a VSN"></indexitem>
 <indexitem text="security">
    <indexitem target="bvaar" text="limiting user privileges for"></indexitem>
    <indexitem target="bvaaw" text="setting timeout value for"></indexitem>
    <indexitem target="bvalh" text="through protecting system data"></indexitem></indexitem>
 <indexitem text="servers">
    <indexitem target="bvack" text="adding"></indexitem><indexitem target="bvacq" text="adding"></indexitem>
    <indexitem target="bvabs" text="changing current"></indexitem>
    <indexitem text="configuration files on">
        <indexitem target="bvadi" text="displaying"></indexitem>
        <indexitem target="bvacn" text="overview of"></indexitem></indexitem>
    <indexitem target="bvada" text="configuration of, displaying"></indexitem><indexitem target="samqfs-serverconfiguration" text="configuration of, displaying"></indexitem>
    <indexitem target="bvack" text="configuring"></indexitem>
    <indexitem target="bvadk" text="file warning messages for, displaying"></indexitem>
    <indexitem target="bvadg" text="log and trace files installed on, displaying"></indexitem>
    <indexitem target="bvadm" text="minimum release supported for, displaying"></indexitem>
    <indexitem target="bvacz" text="monitoring"></indexitem>
    <indexitem target="bvacs" text="removing"></indexitem>
    <indexitem target="bvade" text="software packages on, displaying"></indexitem></indexitem>
 <indexitem target="bvaaw" text="session timeout value, setting"></indexitem>
 <indexitem text="shared file systems">
    <indexitem target="bvakb" text="about"></indexitem>
    <indexitem target="bvamm" text="administering"></indexitem>
    <indexitem target="bvamp" text="creating"></indexitem>
    <indexitem target="bvano" text="deleting"></indexitem>
    <indexitem target="bvamz" text="editing mount options for"></indexitem>
    <indexitem target="bvafd" text="hosts in, displaying"></indexitem>
    <indexitem target="bvafb" text="metadata server for, displaying"></indexitem>
    <indexitem target="bvamz" text="mounting and unmounting"></indexitem><indexitem target="bvamz" text="mounting and unmounting"></indexitem><indexitem target="bvamz" text="mounting and unmounting"></indexitem><indexitem target="bvamz" text="mounting and unmounting"></indexitem>
    <indexitem target="bvamn" text="planning"></indexitem></indexitem>
 <indexitem target="bvamr" text="shared hosts file, creating"></indexitem>
 <indexitem target="bvade" text="software packages installed on server, displaying"></indexitem>
 <indexitem target="bvaby" text="sorting tables"></indexitem>
 <indexitem target="samqfs-staging" text="Stage File page"></indexitem>
 <indexitem text="stager">
    <indexitem target="bvaql" text="about"></indexitem>
    <indexitem target="bvawy" text="configuring global values for"></indexitem></indexitem>
 <indexitem text="staging">
    <indexitem target="bvaql" text="about"></indexitem>
    <indexitem target="bvaya" text="controlling global activity for"></indexitem>
    <indexitem target="bvagr" text="displaying activity of"></indexitem>
    <indexitem target="bvaya" text="file or directory on demand"></indexitem>
    <indexitem target="bvaya" text="managing activity for"></indexitem>
    <indexitem target="bvagm" text="monitoring activity of"></indexitem></indexitem>
 <indexitem text="stand-alone, non-archiving file systems">
    <indexitem target="bvajx" text="about"></indexitem>
    <indexitem target="bvakf" text="administering"></indexitem>
    <indexitem target="bvakm" text="checking"></indexitem>
    <indexitem target="bvaki" text="creating"></indexitem>
    <indexitem target="bvaku" text="deleting"></indexitem>
    <indexitem target="bvakq" text="editing mount options for"></indexitem>
    <indexitem target="bvakk" text="growing"></indexitem>
    <indexitem target="bvako" text="mounting"></indexitem>
    <indexitem target="bvakg" text="planning"></indexitem>
    <indexitem target="bvaks" text="unmounting"></indexitem></indexitem>
 <indexitem text="status and state">
    <indexitem target="bvayy" text="changing for a library drive"></indexitem>
    <indexitem target="bvaep" text="of file systems"></indexitem>
    <indexitem target="bvagg" text="of libraries, displaying"></indexitem>
    <indexitem target="bvanx" text="of NFS directories, changing"></indexitem>
    <indexitem target="bvaex" text="of recovery point activities"></indexitem>
    <indexitem target="bvaez" text="of restore processes"></indexitem></indexitem>
 <indexitem target="bvayt" text="STK ACSLS (StorageTek Automated Cartridge System Library Software), adding library for"></indexitem><indexitem target="bvayy" text="STK ACSLS (StorageTek Automated Cartridge System Library Software), adding library for"></indexitem><indexitem target="bvayy" text="STK ACSLS (StorageTek Automated Cartridge System Library Software), adding library for"></indexitem>
 <indexitem target="samqfs-aboutsamqfs" text="storage (Sun StorageTek SAM)"></indexitem>
 <indexitem target="samqfs-recycler" text="Storage Recycling page"></indexitem>
 <indexitem text="StorageTek 5800., See Sun StorageTek 5800"></indexitem>
 <indexitem target="samqfs-diskvsns" text="Sun StorageTek 5800, archiving to"></indexitem>
 <indexitem target="samqfs-aboutsamqfs" text="Sun StorageTek SAM, using with QFS"></indexitem>
 <indexitem target="bvaqm" text="Sun StorageTek SAM—QFS software, about"></indexitem>
 <indexitem target="bvadm" text="supported release levels"></indexitem>
 <indexitem text="tables">
    <indexitem target="bvabv" text="controls"></indexitem>
    <indexitem target="bvaca" text="filtering"></indexitem>
    <indexitem target="bvaby" text="sorting"></indexitem></indexitem>
 <indexitem target="bvarz" text="tape archiving, enabling"></indexitem>
 <indexitem text="tape drives">
    <indexitem target="bvayy" text="idling"></indexitem>
    <indexitem target="bvage" text="in library, displaying"></indexitem><indexitem target="bvage" text="in library, displaying"></indexitem></indexitem>
 <indexitem target="bvack" text="task overview, for configuring servers"></indexitem>
 <indexitem target="bvaaw" text="timeout value, setting"></indexitem>
 <indexitem target="bvadg" text="trace files on a server, displaying"></indexitem>
 <indexitem target="bvbca" text="troubleshooting, using SAMreports"></indexitem>
 <indexitem text="unloading">
    <indexitem target="bvayy" text="drives"></indexitem>
    <indexitem target="samqfs-librarysummary" text="libraries"></indexitem><indexitem target="bvayy" text="libraries"></indexitem><indexitem target="bvayy" text="libraries"></indexitem>
    <indexitem target="bvayp" text="VSNs from drives of a library"></indexitem><indexitem target="bvazv" text="VSNs from drives of a library"></indexitem></indexitem>
 <indexitem text="unmounting">
    <indexitem target="bvaks" text="archiving file systems"></indexitem><indexitem target="bvaks" text="archiving file systems"></indexitem>
    <indexitem target="bvamz" text="clients"></indexitem>
    <indexitem target="bvamz" text="metadata servers"></indexitem><indexitem target="bvamz" text="metadata servers"></indexitem>
    <indexitem target="bvamz" text="shared file systems"></indexitem><indexitem target="bvamz" text="shared file systems"></indexitem>
    <indexitem target="bvaks" text="stand-alone, non-archiving file systems"></indexitem>
    <indexitem target="bvaar" text="user privileges to perform"></indexitem></indexitem>
 <indexitem target="bvazv" text="unreserving VSNs"></indexitem>
 <indexitem target="bvaar" text="user privileges, assigning"></indexitem>
 <indexitem target="samqfs-vsnpoolsummary" text="Volume Pool Summary page"></indexitem>
 <indexitem text="volume serial names (VSNs)">
    <indexitem target="bvakw" text="about creating associations with archiving file systems"></indexitem>
    <indexitem target="samqfs-policycopyvsns" text="assigned to policy copies, displaying"></indexitem><indexitem target="bvafz" text="assigned to policy copies, displaying"></indexitem>
    <indexitem target="bvazv" text="auditing slots in a library for"></indexitem>
    <indexitem target="samqfs-diskvsns" text="creating disk"></indexitem>
    <indexitem target="bvarz" text="disk or tape, enabling archiving to"></indexitem>
    <indexitem target="bvazv" text="editing attributes for"></indexitem>
    <indexitem target="bvazv" text="exporting"></indexitem>
    <indexitem target="bvazv" text="importing"></indexitem>
    <indexitem target="bvazv" text="labeling"></indexitem>
    <indexitem target="bvagc" text="library, displaying"></indexitem>
    <indexitem target="bvazv" text="loading into a library"></indexitem>
    <indexitem target="bvawf" text="managing disk for archiving"></indexitem>
    <indexitem target="bvati" text="modifying in policy copies"></indexitem>
    <indexitem text="pools">
        <indexitem target="bvavm" text="about"></indexitem>
        <indexitem target="bvavm" text="creating"></indexitem>
        <indexitem target="bvavm" text="deleting"></indexitem>
        <indexitem target="samqfs-vnspooldetails" text="details for, displaying"></indexitem>
        <indexitem target="bvavm" text="editing"></indexitem>
        <indexitem target="bvavm" text="managing for archiving"></indexitem>
        <indexitem target="samqfs-vsnpoolsummary" text="summary of, displaying"></indexitem></indexitem>
    <indexitem target="bvazv" text="reserving"></indexitem>
    <indexitem target="samqfs-vsnsearch" text="searching"></indexitem>
    <indexitem target="bvazv" text="unloading from drives of a library"></indexitem>
    <indexitem target="bvazv" text="unreserving"></indexitem></indexitem>
 <indexitem target="samqfs-vnspooldetails" text="VolumePool Details page"></indexitem>
 <indexitem text="VSNs., See volume serial names (VSNs)"></indexitem>
 <indexitem target="bvadk" text="warning messages in server files, displaying"></indexitem>
 <indexitem target="bvabo" text="wizards"></indexitem>
</index>
