<?xml version='1.0' encoding='UTF-8'?>
<!-- ident   "%Z%%M% %I%   %E% SMI" -->
<!DOCTYPE toc PUBLIC "-//Sun Microsystems Inc.//DTD JavaHelp TOC Version 2.0//EN" "toc_1_0.dtd">
<toc version="2.0">

 <tocitem target="samqfs-gettingstarted" text="Getting Started" expand="false">
    <tocitem target="samqfs-aboutsamqfs" text="About SAM and QFS" expand="false"></tocitem>
    <tocitem target="ggxbh" text="What You Can Do" expand="false"></tocitem>
    <tocitem target="new-features-in-5.0" text="New Features in SAM-QFS 5.0 Release" expand="false"></tocitem>
    <tocitem target="ggxcl" text="Need Help Getting Started?" expand="false"></tocitem>
    <tocitem target="bvaqm" text="About the Sun SAM Software" expand="false"></tocitem>
    <tocitem target="samqfs-registration" text="How to Register the Software" expand="false"></tocitem></tocitem>
 <tocitem target="bvaaz" text="Using the Browser Interface" expand="false">
    <tocitem target="bvaba" text="About Interface Elements" expand="false"></tocitem>
    <tocitem target="samqfs-serversummary" text="Managed Hosts Page" expand="false"></tocitem>
    <tocitem target="samqfs-siteinformation" text="Site Information Page" expand="false"></tocitem>
    <tocitem target="samqfs-versionhighlights" text="SAM-QFS Manager Release Highlights Page" expand="false"></tocitem>
    <tocitem target="bvabo" text="About Wizards" expand="false"></tocitem>
    <tocitem target="bvabq" text="How to Enable Pop-Up Windows" expand="false"></tocitem>
    <tocitem target="bvabs" text="Changing the Current Server" expand="false"></tocitem>
    <tocitem target="bvabu" text="About Report Tables" expand="false"></tocitem>
    <tocitem target="ghemu" text="Reference Pages" expand="false"></tocitem></tocitem>
 <tocitem target="ghcik" text="Performing Initial Configuration Tasks" expand="false">
    <tocitem target="samqfs-firsttimeconfig" text="First Time Configuration" expand="false"></tocitem>
    <tocitem target="bvacq" text="How to Add a Host" expand="false"></tocitem>
    <tocitem target="bvacs" text="How to Remove a Host" expand="false"></tocitem>
    <tocitem target="bvaau" text="How to Log In to and Out of the Software" expand="false"></tocitem>
    <tocitem target="bvaar" text="Assigning Administrative Privileges to Users" expand="false"></tocitem>
    <tocitem target="ghlrx" text="How to Add Users and Assign Privileges" expand="false"></tocitem>
    <tocitem target="ghlvc" text="How to Create a Privileged Account for Multiple Users" expand="false"></tocitem>
    <tocitem target="bvaaw" text="How to Set the Session Timeout Value" expand="false"></tocitem>
    <tocitem target="bvacn" text="Reference: Host Configuration Files" expand="false"></tocitem></tocitem>
 <tocitem target="bvacy" text="Monitoring " expand="false">
    <tocitem target="samqfs-monitoringconsole" text="About the Monitoring Dashboard" expand="false"></tocitem>
    <tocitem target="bvacz" text="Monitoring Servers" expand="false">
        <tocitem target="bvada" text="How to Display the Configuration of Servers in Your Site" expand="false"></tocitem>
        <tocitem target="samqfs-serverconfiguration" text="How to Display the Configuration of a Server" expand="false"></tocitem>
        <tocitem target="bvade" text="How to Display Software Packages on a Server" expand="false"></tocitem>
        <tocitem target="bvadg" text="How to Display Log or Trace Files on a Server" expand="false"></tocitem>
        <tocitem target="bvadi" text="How to Display Configuration Files on a Server" expand="false"></tocitem>
        <tocitem target="bvadk" text="How to Display Warning Messages in Server Files" expand="false"></tocitem>
        <tocitem target="bvadm" text="How to Display the Minimum Server Release Supported by SAM-QFS Manager" expand="false"></tocitem></tocitem>
    <tocitem target="bvaeo" text="Monitoring File Systems" expand="false">
        <tocitem target="bvaep" text="How to Display the Status of a File System" expand="false"></tocitem>
        <tocitem target="bvaer" text="How to Display File System Devices" expand="false"></tocitem>
        <tocitem target="bvaet" text="How to Display NFS Shared Directories in a File System" expand="false"></tocitem>
        <tocitem target="bvaev" text="How to Display File Match Criteria for an Archiving File System" expand="false"></tocitem>
        <tocitem target="bvaex" text="How to Display the Status of Recovery Point Activities" expand="false"></tocitem>
        <tocitem target="bvaez" text="How to Display the Status of a Restore Process for an Archiving File System" expand="false"></tocitem>
        <tocitem target="bvafb" text="How to Display the Metadata Server for a Shared File System" expand="false"></tocitem>
        <tocitem target="bvafd" text="How to Display All Hosts in a Shared File System" expand="false"></tocitem>
        <tocitem target="bvaff" text="About System Metrics" expand="false"></tocitem>
        <tocitem target="samqfs-mediastatus" text="Media Utilization and Status Page" expand="false"></tocitem>
        <tocitem target="bvafm" text="How to Create Media Utilization and Status Reports" expand="false"></tocitem>
        <tocitem target="bvafo" text="How to View File Data Distribution" expand="false"></tocitem>
        <tocitem target="bvafq" text="How to Create File System Utilization Reports" expand="false"></tocitem>
        <tocitem target="samqfs-filedatadistribution" text="File Data Distribution Page" expand="false"></tocitem>
        <tocitem target="samqfs-filesystemutilization" text="File System Utilization Page" expand="false"></tocitem></tocitem>
    <tocitem target="bvafs" text="Monitoring Policies" expand="false">
        <tocitem target="bvaft" text="How to Display File Match Criteria in a Policy" expand="false"></tocitem>
        <tocitem target="bvafv" text="How to Display File Systems Using Specific File Match Criteria" expand="false"></tocitem>
        <tocitem target="bvafx" text="How to Display the Copy Details of a Policy" expand="false"></tocitem>
        <tocitem target="bvafz" text="How to Display the Volumes Assigned to a Policy Copy" expand="false"></tocitem></tocitem>
    <tocitem target="bvagb" text="Monitoring Libraries" expand="false">
        <tocitem target="bvagc" text="How to Display Volumes for a Library" expand="false"></tocitem>
        <tocitem target="bvage" text="How to Display the Drives in a Library" expand="false"></tocitem>
        <tocitem target="bvagg" text="How to Display the Status and State of a Library" expand="false"></tocitem>
        <tocitem target="bvagi" text="How to Display Historian Catalog Information" expand="false"></tocitem>
        <tocitem target="bvagk" text="How to Display Mount Requests in a Library" expand="false"></tocitem></tocitem>
    <tocitem target="bvagm" text="Monitoring Archiving, Releasing, and Staging Activity" expand="false">
        <tocitem target="bvagn" text="How to Display Archiving Activity" expand="false"></tocitem>
        <tocitem target="bvagp" text="How to Display Releasing Activity" expand="false"></tocitem>
        <tocitem target="bvagr" text="How to Display Staging Activity" expand="false"></tocitem></tocitem>
    <tocitem target="bvagt" text="Monitoring Jobs" expand="false">
        <tocitem target="samqfs-jobssummary" text="Jobs Summary Page" expand="false"></tocitem>
        <tocitem target="samqfs-jobdetails" text="Job Details Page" expand="false"></tocitem>
        <tocitem target="bvagx" text="How to Display a Job" expand="false"></tocitem>
        <tocitem target="ghnmz" text="How to Cancel a Job" expand="false"></tocitem></tocitem>
    <tocitem target="bvaix" text="Monitoring Faults" expand="false">
        <tocitem target="samqfs-faultsummary" text="Fault Summary Page" expand="false"></tocitem>
        <tocitem target="bvajb" text="How to Display Faults" expand="false"></tocitem>
        <tocitem target="bvajd" text="How to Acknowledge Faults" expand="false"></tocitem>
        <tocitem target="bvajf" text="How to Delete Faults" expand="false"></tocitem></tocitem>
    <tocitem target="bvbca" text="Using SAMreports" expand="false">
        <tocitem target="bvbcb" text="About SAMreports" expand="false"></tocitem>
        <tocitem target="bvbcd" text="How to Generate a SAMreport" expand="false"></tocitem>
        <tocitem target="bvbcf" text="How to Display SAMreports" expand="false"></tocitem></tocitem></tocitem>
 <tocitem target="bvajo" text="Managing File Systems" expand="false">
    <tocitem target="bvajp" text="About File System Management" expand="false"></tocitem>
    <tocitem target="bvajr" text="About Discovering Available Devices" expand="false"></tocitem>
    <tocitem target="bvajt" text="About File Systems" expand="false">
        <tocitem target="bvaju" text="About Supported File Systems" expand="false"></tocitem>
        <tocitem target="bvajx" text="About Stand-Alone, Non-archiving File Systems" expand="false"></tocitem>
        <tocitem target="bvajz" text="About Archiving File Systems" expand="false"></tocitem>
        <tocitem target="bvakb" text="About Shared File Systems" expand="false"></tocitem>
        <tocitem target="samqfs-recoverypoints" text="Recovery Points Page" expand="false"></tocitem>
        <tocitem target="samqfs-scheduledtasks" text="Scheduled Tasks Page" expand="false"></tocitem>
        <tocitem target="samqfs-filebrowser" text="File Browser and Recovery" expand="false">
            <tocitem target="samqfs-filebrowser-fields" text="File Browser and Recovery Information" expand="false"></tocitem>
            <tocitem target="samqfs-filebrowser-actions" text="File Browser and Recovery Actions" expand="false"></tocitem>
            <tocitem target="samqfs-filebrowser-details" text="File Details Page" expand="false"></tocitem></tocitem></tocitem>
    <tocitem target="bvaob" text="File Systems and NFS Pages" expand="false">
        <tocitem target="samqfs-sharedfssummary" text="Shared File System Summary Page" expand="false">
            <tocitem target="samqfs-sharedfssummarytab" text="Shared File System Summary Tab" expand="false"></tocitem>
            <tocitem target="samqfs-participatinghosts" text="Participating Hosts Tab" expand="false"></tocitem>
            <tocitem target="ghptm" text="How to Shrink a Shared or Object File System" expand="false"></tocitem>
            <tocitem target="ghptc" text="How to Grow a Shared or Object File System" expand="false"></tocitem></tocitem>
        <tocitem target="samqfs-filesystemssummary" text="File Systems Summary Page" expand="false"></tocitem>
        <tocitem target="samqfs-filesystemarchivepolicies" text="File System Archive Policies Page" expand="false"></tocitem>
        <tocitem target="samqfs-filesystemdetails" text="File System Details Page" expand="false"></tocitem>
        <tocitem target="samqfs-filesystemdevices" text="File System Devices Page" expand="false"></tocitem>
        <tocitem target="samqfs-filesystemeditmountoptions" text="File System Edit Mount Options Page" expand="false"></tocitem></tocitem>
    <tocitem target="bvakf" text="Administering Stand-Alone, Non-archiving File Systems and Archiving File Systems" expand="false">
        <tocitem target="bvakg" text="Planning a Stand-Alone, Non-archiving or Archiving File System" expand="false"></tocitem>
        <tocitem target="bvaki" text="How to Create a Stand-Alone, Non-archiving or Archiving File System" expand="false"></tocitem>
        <tocitem target="bvakk" text="How to Grow a Stand-Alone, Non-archiving or Archiving File System" expand="false"></tocitem>
        <tocitem target="bvakm" text="How to Check a Stand-Alone, Non-archiving or Archiving File System" expand="false"></tocitem>
        <tocitem target="bvako" text="How to Mount a Stand-Alone, Non-archiving or Archiving File System" expand="false"></tocitem>
        <tocitem target="bvakq" text="How to Edit Mount Options for a Stand-Alone, Non-archiving or Archiving File System" expand="false"></tocitem>
        <tocitem target="bvaks" text="How to Unmount a Stand-Alone, Non-archiving or Archiving File System" expand="false"></tocitem>
        <tocitem target="bvaku" text="How to Delete a Stand-Alone, Non-archiving or Archiving File System" expand="false"></tocitem></tocitem>
    <tocitem target="bvaky" text="Managing Policies for Archiving File Systems" expand="false">
        <tocitem target="bvakz" text="How to Add a Policy to an Archiving File System" expand="false"></tocitem>
        <tocitem target="bvalb" text="How to Add Existing File Match Criteria to an Archiving File System" expand="false"></tocitem>
        <tocitem target="bvald" text="How to Reorder File Match Criteria for an Archiving File System" expand="false"></tocitem>
        <tocitem target="bvalf" text="How to Remove File Match Criteria From an Archiving File System" expand="false"></tocitem></tocitem>
    <tocitem target="bvalh" text="Protecting Archiving File System Data" expand="false">
        <tocitem target="bvali" text="About Protecting Archiving File System Data" expand="false"></tocitem>
        <tocitem target="bvalk" text="Scheduling and Creating Recovery Points" expand="false"></tocitem>
        <tocitem target="samqfs-schedulemetadatasnapshots" text="Recovery Point Schedule Page" expand="false"></tocitem>
        <tocitem target="bvals" text="How to Create a Recovery Point on Demand" expand="false"></tocitem>
        <tocitem target="bvalu" text="How to Edit a Recovery Point Schedule" expand="false"></tocitem>
        <tocitem target="bvalw" text="How to Remove a Recovery Point Schedule" expand="false"></tocitem>
        <tocitem target="bvaly" text="Restoring Archiving File System Data" expand="false"></tocitem>
        <tocitem target="bvalz" text="How to Restore an Archiving File System" expand="false"></tocitem>
        <tocitem target="bvami" text="How to Delete the Index for a Recovery Point" expand="false"></tocitem>
        <tocitem target="bvamk" text="How to Delete a Recovery Point" expand="false"></tocitem></tocitem>
    <tocitem target="bvamm" text="Administering Shared File Systems" expand="false">
        <tocitem target="bvamn" text="Planning a Shared File System" expand="false"></tocitem>
        <tocitem target="bvamp" text="How to Create a Shared File System" expand="false"></tocitem>
        <tocitem target="bvamr" text="How to Create the Shared Hosts File" expand="false"></tocitem>
        <tocitem target="bvamt" text="How to Add a Client or Potential Metadata Server" expand="false"></tocitem>
        <tocitem target="bvamv" text="How to Delete a Client or Potential Metadata Server" expand="false"></tocitem>
        <tocitem target="bvamx" text="How to Delete the Metadata Server" expand="false"></tocitem>
        <tocitem target="bvamz" text="Mounting and Unmounting Shared File Systems" expand="false"></tocitem>
        <tocitem target="bvana" text="How to Mount a Shared File System" expand="false"></tocitem>
        <tocitem target="bvanc" text="How to Mount the Metadata Server" expand="false"></tocitem>
        <tocitem target="bvane" text="How to Mount a Client or Potential Metadata Server" expand="false"></tocitem>
        <tocitem target="bvang" text="How to Edit Mount Options for a Shared File System" expand="false"></tocitem>
        <tocitem target="bvani" text="How to Unmount a Shared File System" expand="false"></tocitem>
        <tocitem target="bvank" text="How to Unmount a Client or Potential Metadata Server" expand="false"></tocitem>
        <tocitem target="bvanm" text="How to Unmount the Metadata Server" expand="false"></tocitem></tocitem>
    <tocitem target="bvanq" text="Managing NFS Sharing for File Systems" expand="false">
        <tocitem target="samqfs-filesystemeditnfsproperties" text="NFS Shared Resources Page" expand="false"></tocitem>
        <tocitem target="samqfs-advancednetworkconfig" text="Advanced Network Configuration Page" expand="false"></tocitem>
        <tocitem target="bvanr" text="About NFS Sharing" expand="false"></tocitem>
        <tocitem target="bvant" text="How to Add an NFS Directory" expand="false"></tocitem>
        <tocitem target="bvanv" text="How to Edit NFS Directory Options" expand="false"></tocitem>
        <tocitem target="bvanx" text="How to Change the Status of an NFS Directory" expand="false"></tocitem>
        <tocitem target="bvanz" text="How to Remove an NFS Directory" expand="false"></tocitem></tocitem></tocitem>
 <tocitem target="bvaqi" text="Archive Administration" expand="false">
    <tocitem target="bvaqj" text="About Archive Management" expand="false"></tocitem>
    <tocitem target="bvaxm" text="Storage Recycling" expand="false">
        <tocitem target="samqfs-recycler" text="Storage Recycling Page" expand="false"></tocitem>
        <tocitem target="bvaxn" text="About the Recycler" expand="false">
            <tocitem target="bvaxo" text="Selecting Eligible Volumes" expand="false"></tocitem></tocitem>
        <tocitem target="bvaxr" text="How to Run Recycling on Demand" expand="false"></tocitem>
        <tocitem target="bvaxt" text="How to Configure Library Recycling Values" expand="false"></tocitem>
        <tocitem target="bvaxv" text="How to Configure Policy Recycling Values" expand="false"></tocitem></tocitem>
    <tocitem target="ggxmk" text="Archive Activities" expand="false">
        <tocitem target="bvaql" text="About Archiving, Releasing, and Staging" expand="false"></tocitem>
        <tocitem target="bvard" text="Controlling Archiving for Archiving File Systems" expand="false">
            <tocitem target="bvawt" text="About Archiver Scanning Methods" expand="false"></tocitem>
            <tocitem target="bvare" text="How to Configure Archiver Scanning for an Archiving File System" expand="false"></tocitem>
            <tocitem target="bvarg" text="How to Stop or Pause Archiving for an Archiving File System" expand="false"></tocitem>
            <tocitem target="bvari" text="How to Run Archiving for an Archiving File System" expand="false"></tocitem></tocitem>
        <tocitem target="samqfs-vsnpoolsummary" text="Volume Pool Summary Page" expand="false"></tocitem>
        <tocitem target="samqfs-vsnpooldetails" text="Volume Pool Details Page" expand="false"></tocitem>
        <tocitem target="bvavm" text="Managing Volume Pools" expand="false">
            <tocitem target="bvavn" text="About Volume Pools" expand="false"></tocitem>
            <tocitem target="samqfs-createvolumepool" text="How to Create a Volume Pool" expand="false"></tocitem>
            <tocitem target="bvavr" text="How to Edit a Volume Pool" expand="false"></tocitem>
            <tocitem target="bvavt" text="How to Delete a Volume Pool" expand="false"></tocitem></tocitem>
        <tocitem target="bvaya" text="Managing Archiving and Staging Activity" expand="false">
            <tocitem target="bvayb" text="How to Control Global Archiving Activity" expand="false"></tocitem>
            <tocitem target="bvayd" text="How to Control Global Staging Activity" expand="false"></tocitem>
            <tocitem target="bvayf" text="How to Stage a File or Directory on Demand" expand="false"></tocitem></tocitem>
        <tocitem target="samqfs-activitymanagement" text="Activity Management Page" expand="false"></tocitem>
        <tocitem target="samqfs-staging" text="Stage File Page" expand="false"></tocitem></tocitem>
    <tocitem target="bvark" text="Managing Archive Policies" expand="false">
        <tocitem target="ghdjj" text="Administering Archive Policies" expand="false">
            <tocitem target="bvarm" text="About Archive Policies" expand="false"></tocitem>
            <tocitem target="bvarp" text="Reference: Creating a Policy archiver.cmd Example" expand="false"></tocitem>
            <tocitem target="bvarr" text="How to Create a Policy" expand="false"></tocitem>
            <tocitem target="bvart" text="Creating a No-Archive Policy" expand="false"></tocitem>
            <tocitem target="bvarv" text="How to Edit a Policy" expand="false"></tocitem>
            <tocitem target="bvarx" text="How to Delete a Policy" expand="false"></tocitem></tocitem>
        <tocitem target="bvarz" text="Enabling Archiving Options in a Policy" expand="false">
            <tocitem target="bvasa" text="Enabling Disk Archiving" expand="false"></tocitem>
            <tocitem target="bvasf" text="Enabling Archiving to Tape" expand="false"></tocitem>
            <tocitem target="bvask" text="How to Enable Associative Archiving" expand="false"></tocitem>
            <tocitem target="bvasm" text="How to Enable Continuous Archiving" expand="false"></tocitem>
            <tocitem target="bvaso" text="Enabling Archiving to Pools of Disk or Tape Volumes" expand="false"></tocitem></tocitem>
        <tocitem target="bvast" text="Administering File Match Criteria" expand="false">
            <tocitem target="bvasu" text="About File Match Criteria" expand="false"></tocitem>
            <tocitem target="bvasw" text="How to Edit File Match Criteria" expand="false"></tocitem>
            <tocitem target="bvasy" text="How to Add a File System to a Set of File Match Criteria" expand="false"></tocitem>
            <tocitem target="bvata" text="How to Remove a File System From a Set of File Match Criteria" expand="false"></tocitem>
            <tocitem target="bvatc" text="Planning File Match Criteria" expand="false"></tocitem>
            <tocitem target="bvate" text="How to Add File Match Criteria to a Policy" expand="false"></tocitem>
            <tocitem target="bvatg" text="How to Remove File Match Criteria From a Policy" expand="false"></tocitem></tocitem>
        <tocitem target="bvati" text="Administering Policy Copies" expand="false">
            <tocitem target="bvatj" text="About Policy Copies" expand="false"></tocitem>
            <tocitem target="bvatl" text="How to Edit a Policy Copy" expand="false"></tocitem>
            <tocitem target="bvatn" text="How to Modify Volume Assignments in a Policy Copy" expand="false"></tocitem>
            <tocitem target="bvatp" text="How to Add a Copy to a Policy" expand="false"></tocitem>
            <tocitem target="bvatr" text="How to Remove a Copy From a Policy" expand="false"></tocitem></tocitem>
        <tocitem target="bvatt" text="Reference Pages" expand="false"></tocitem>
        <tocitem target="samqfs-archivepoliciessummary" text="Archive Policies Summary Page" expand="false"></tocitem>
        <tocitem target="samqfs-policycopydiskoptions" text="Policy Copy (Disk) Details Page" expand="false">
            <tocitem target="bvaty" text="Archive Organization" expand="false"></tocitem>
            <tocitem target="bvaua" text="Tuning Archive Media Writes" expand="false"></tocitem>
            <tocitem target="bvauc" text="Archiver Work Queue Management" expand="false"></tocitem>
            <tocitem target="bvaue" text="Archive Policy-Based Recycling" expand="false"></tocitem></tocitem>
        <tocitem target="samqfs-policycopytapeoptions" text="Policy Copy (Tape) Details Page" expand="false">
            <tocitem target="bvaui" text="Archive Organization" expand="false"></tocitem>
            <tocitem target="bvauk" text="Tuning Archive Media Writes" expand="false"></tocitem>
            <tocitem target="bvaum" text="Archiver Work Queue Management" expand="false"></tocitem>
            <tocitem target="bvauo" text="Archive Policy-Based Recycling" expand="false"></tocitem></tocitem>
        <tocitem target="samqfs-policycopyvsns" text="Policy Copy Volumes Page" expand="false"></tocitem>
        <tocitem target="samqfs-policycriteriadetails" text="Policy Criteria Details Page" expand="false">
            <tocitem target="bvauv" text="File Match Criteria" expand="false"></tocitem>
            <tocitem target="bvaux" text="Stage/Release Behavior" expand="false"></tocitem>
            <tocitem target="bvauz" text="Archive Copy Settings for Policy" expand="false"></tocitem>
            <tocitem target="bvavb" text="File Systems Using Criteria" expand="false"></tocitem></tocitem>
        <tocitem target="samqfs-policydetails" text="Default Copy Settings (allsets) Page" expand="false">
            <tocitem target="bvavj" text="Copy Information" expand="false"></tocitem>
            <tocitem target="bvavf" text="File Match Criteria" expand="false"></tocitem>
            <tocitem target="bvavh" text="Archiving Copy Settings for Criteria" expand="false"></tocitem></tocitem></tocitem>
    <tocitem target="bvaws" text="General Configuration" expand="false">
        <tocitem target="samqfs-generalarchivingsetup" text="Global Parameters Page" expand="false">
            <tocitem target="bvaxf" text="Global" expand="false"></tocitem>
            <tocitem target="bvaxh" text="Media Type Parameters" expand="false"></tocitem>
            <tocitem target="bvaxj" text="Drive Limits" expand="false"></tocitem></tocitem>
        <tocitem target="bvaww" text="How to Configure Global Archiving Values" expand="false"></tocitem>
        <tocitem target="bvawy" text="How to Configure Global Staging Values" expand="false"></tocitem>
        <tocitem target="bvaxa" text="How to Configure Global Releasing Values" expand="false"></tocitem>
        <tocitem target="bvaxc" text="How to Configure Global Media Type Parameters" expand="false"></tocitem></tocitem></tocitem>
 <tocitem target="bvayo" text="Managing Removable Media" expand="false">
    <tocitem target="bvayx" text="Archive Media" expand="false">
        <tocitem target="samqfs-librarysummary" text="Tape Library Summary Page" expand="false"></tocitem>
        <tocitem target="samqfs-libraryvsnsummary" text="Tape Volume Summary Page" expand="false"></tocitem>
        <tocitem target="samqfs-importvsn" text="Import Volume Page" expand="false"></tocitem>
        <tocitem target="samqfs-historian" text="Historian Page" expand="false"></tocitem>
        <tocitem target="samqfs-vsnsearch" text="How to Search for a Volume" expand="false"></tocitem>
        <tocitem target="samqfs-vsndetails" text="Volume Details Page" expand="false"></tocitem>
        <tocitem target="samqfs-searchresults" text="Search Results Page" expand="false"></tocitem>
        <tocitem target="samqfs-drivedetails" text="Library and Drive Details Page" expand="false"></tocitem>
        <tocitem target="samqfs-diskvsns" text="Disk-Based Volumes Summary Page" expand="false"></tocitem>
        <tocitem target="bvawi" text="How to Create a Disk Volume" expand="false"></tocitem>
        <tocitem target="bvawk" text="How to Create a Sun StorageTek 5800 Volume" expand="false"></tocitem>
        <tocitem target="bvawm" text="How to Edit the Media Attributes of a Disk Volume" expand="false"></tocitem></tocitem>
    <tocitem target="bvayr" text="About Removable Media" expand="false">
        <tocitem target="bvayp" text="About Removable Media Management" expand="false"></tocitem>
        <tocitem target="bvayy" text="About Libraries" expand="false">
            <tocitem target="bvaza" text="How to Add a Library" expand="false"></tocitem>
            <tocitem target="bvazm" text="Managing Library Drives" expand="false"></tocitem>
            <tocitem target="bvazc" text="How to Change the State of a Library" expand="false"></tocitem>
            <tocitem target="bvazk" text="How to Delete a Library" expand="false"></tocitem>
            <tocitem target="bvaze" text="How to Unload a Library" expand="false"></tocitem></tocitem>
        <tocitem target="bvayt" text="About Supported Libraries and Drives" expand="false"></tocitem>
        <tocitem target="bvazg" text="Removing Archiving, Staging, and Recycling Configurations" expand="false">
            <tocitem target="bvazh" text="How to Remove Archiving and Staging Configurations" expand="false"></tocitem>
            <tocitem target="bvazi" text="How to Remove Recycling Configurations" expand="false"></tocitem></tocitem></tocitem></tocitem>
 <tocitem target="samqfs-notificationsummary" text="Configuring Email Alerts" expand="false">
    <tocitem target="bvbbn" text="About Email Alerts" expand="false"></tocitem>
    <tocitem target="bvbbq" text="How to Create an Email Alert" expand="false"></tocitem>
    <tocitem target="bvbbs" text="How to Change Email Alert Events for a Recipient" expand="false"></tocitem>
    <tocitem target="bvbbu" text="How to Delete an Email Alert" expand="false"></tocitem>
    <tocitem target="bvbbm" text="Email Alert Summary Page" expand="false"></tocitem></tocitem>
 <tocitem target="bvbbz" text="Troubleshooting" expand="false">
    <tocitem target="bvbch" text="Incompatible Software Release" expand="false"></tocitem>
    <tocitem target="bvbcj" text="One Device Displayed Multiple Times" expand="false"></tocitem>
    <tocitem target="bvbcl" text="Inaccessible Server" expand="false"></tocitem>
    <tocitem target="bvbcn" text="No Remaining Space for a Volume" expand="false"></tocitem>
    <tocitem target="bvbcp" text="Damaged or Stale Files in a Recovery Point" expand="false"></tocitem>
    <tocitem target="bvbcr" text="Existing Fault Conditions Not Displayed" expand="false"></tocitem></tocitem>
 <tocitem target="bvbct" text="Glossary" expand="false"></tocitem>
</toc>
