<?xml version='1.0' encoding='utf-8'?>
<!-- ident   "%Z%%M% %I%   %E% SMI" -->
<!DOCTYPE toc PUBLIC "-//Sun Microsystems Inc.//DTD JavaHelp TOC Version 2.0//EN" "toc_1_0.dtd">
<toc version="2.0">

 <tocitem target="samqfs-gettingstarted" text="1.  Getting Started" expand="false">
    <tocitem target="samqfs-aboutsamqfs" text="About SAM and QFS" expand="false"></tocitem>
    <tocitem target="ggxbh" text="What You Can Do" expand="false"></tocitem>
    <tocitem target="ggxcl" text="Need Help Getting Started?" expand="false"></tocitem>
    <tocitem target="bvaqm" text="About the Sun StorageTek SAM-QFS Software" expand="false"></tocitem>
    <tocitem target="samqfs-firsttimeconfig" text="First Time Configuration" expand="false">
        <tocitem target="ggxob" text="Performing Initial Configuration Tasks" expand="false"></tocitem>
        <tocitem target="bvack" text="Task Overview: Configuring a Server" expand="false"></tocitem>
        <tocitem target="bvacn" text="Reference: Server Configuration Files" expand="false"></tocitem>
        <tocitem target="bvacq" text="Adding a Server" expand="false"></tocitem>
        <tocitem target="bvacs" text="Removing a Server" expand="false"></tocitem></tocitem>
    <tocitem target="bvaar" text="Assigning Administrative Privileges to Users" expand="false"></tocitem>
    <tocitem target="bvaau" text="Logging In to and Out of the Software" expand="false"></tocitem>
    <tocitem target="bvaaw" text="Setting the Session Timeout Value" expand="false"></tocitem>
    <tocitem target="samqfs-registration" text="Registering the Software" expand="false"></tocitem></tocitem>
 <tocitem target="bvaaz" text="2.  Using the Browser Interface" expand="false">
    <tocitem target="bvaba" text="About Interface Elements" expand="false">
        <tocitem target="bvabb" text="About the Banner and Content Pane" expand="false"></tocitem>
        <tocitem target="bvabe" text="Reference: Banner Elements" expand="false"></tocitem>
        <tocitem target="bvabi" text="Reference: Content Pane Navigational Elements" expand="false"></tocitem>
        <tocitem target="bvabl" text="Reference: Content Pane Icons and Buttons" expand="false"></tocitem></tocitem>
    <tocitem target="bvabo" text="About Wizards" expand="false"></tocitem>
    <tocitem target="bvabq" text="Enabling Pop-Up Windows" expand="false"></tocitem>
    <tocitem target="bvabs" text="Changing the Current Server" expand="false"></tocitem>
    <tocitem target="bvabu" text="About Report Tables" expand="false">
        <tocitem target="bvabv" text="Reference: Report Table Controls" expand="false"></tocitem>
        <tocitem target="bvaby" text="Sorting Tables" expand="false"></tocitem>
        <tocitem target="bvaca" text="Filtering Tables" expand="false"></tocitem></tocitem>
    <tocitem target="bvacc" text="Using Help" expand="false"></tocitem></tocitem>
 <tocitem target="ghcik" text="3.  Performing Initial Configuration Tasks" expand="false">
    <tocitem target="samqfs-serversummary" text="Managed Hosts Page" expand="false"></tocitem>
    <tocitem target="samqfs-siteinformation" text="Site Information Page" expand="false">
        <tocitem target="bvael" text="Servers" expand="false"></tocitem>
        <tocitem target="bvaem" text="Media Devices" expand="false"></tocitem></tocitem></tocitem>
 <tocitem target="bvajo" text="4.  Managing File Systems" expand="false">
    <tocitem target="bvajp" text="About File System Management" expand="false"></tocitem>
    <tocitem target="bvajr" text="About Discovering Available Devices" expand="false"></tocitem>
    <tocitem target="bvajt" text="About File Systems" expand="false">
        <tocitem target="bvaju" text="About Supported File Systems" expand="false"></tocitem>
        <tocitem target="bvajx" text="About Stand-Alone, Non-archiving File Systems" expand="false"></tocitem>
        <tocitem target="bvajz" text="About Archiving File Systems" expand="false"></tocitem>
        <tocitem target="bvakb" text="About Shared File Systems" expand="false"></tocitem>
        <tocitem target="bvakd" text="About HA-QFS File Systems" expand="false"></tocitem>
        <tocitem target="samqfs-recoverypoints" text="Recovery Points Page" expand="false">
            <tocitem target="samqfs-recoverypoints" text="Recovery Point Creation" expand="false">
                <tocitem target="samqfs-recoverypoints" text="Recovery Point Options" expand="false"></tocitem></tocitem>
            <tocitem target="samqfs-recoverypoints" text="Recovery Point Summary" expand="false">
                <tocitem target="samqfs-recoverypoints" text="Contents of Recovery Point File" expand="false"></tocitem>
                <tocitem target="samqfs-recoverypoints" text="Restore" expand="false"></tocitem></tocitem></tocitem>
        <tocitem target="samqfs-scheduledtasks" text="Scheduled Tasks Page" expand="false"></tocitem>
        <tocitem target="samqfs-filebrowser" text="File Browser and Recovery" expand="false">
            <tocitem target="samqfs-filebrowser" text="File Details Page" expand="false"></tocitem></tocitem></tocitem>
    <tocitem target="bvaob" text="File Systems and NFS Pages" expand="false">
        <tocitem target="samqfs-sharedfilesystemdetails" text="Shared File System Details Page" expand="false">
            <tocitem target="samqfs-sharedfilesystemdetails" text="Client Summary Page" expand="false"></tocitem>
            <tocitem target="samqfs-sharedfilesystemdetails" text="Grow File System" expand="false"></tocitem>
            <tocitem target="samqfs-sharedfilesystemdetails" text="Shrink File System" expand="false"></tocitem>
            <tocitem target="samqfs-sharedfilesystemdetails" text="Multi-Host Status Display" expand="false"></tocitem></tocitem>
        <tocitem target="ggzau" text="Object Storage Device Details Page" expand="false"></tocitem>
        <tocitem target="ggzah" text="Object Storage Device Summary Page" expand="false"></tocitem>
        <tocitem target="samqfs-filesystemssummary" text="File Systems Summary Page" expand="false"></tocitem>
        <tocitem target="samqfs-filesystemarchivepolicies" text="File System Archive Policies Page" expand="false">
            <tocitem target="samqfs-filesystemarchivepolicies" text="Archiving Setup for File System" expand="false">
                <tocitem target="samqfs-filesystemarchivepolicies" text="Archive Policy Criteria" expand="false"></tocitem></tocitem></tocitem>
        <tocitem target="samqfs-filesystemdetails" text="File System Details Page" expand="false">
            <tocitem target="samqfs-filesystemdetails" text="Shared File System Participating Hosts" expand="false">
                <tocitem target="samqfs-filesystemdetails" text="Details" expand="false"></tocitem></tocitem></tocitem>
        <tocitem target="samqfs-filesystemdevices" text="File System Devices Page" expand="false"></tocitem>
        <tocitem target="samqfs-filesystemeditmountoptions" text="File System Edit Mount Options Page" expand="false"></tocitem>
        <tocitem target="samqfs-restorefilesystem" text="Restore File System Page" expand="false"></tocitem>
        <tocitem target="ggzbr" text="Object Storage Device Summary Page" expand="false"></tocitem></tocitem>
    <tocitem target="bvakf" text="Administering Stand-Alone, Non-archiving File Systems and Archiving File Systems" expand="false">
        <tocitem target="bvakg" text="Planning a Stand-Alone, Non-archiving or Archiving File System" expand="false"></tocitem>
        <tocitem target="bvaki" text="Creating a Stand-Alone, Non-archiving or Archiving File System" expand="false"></tocitem>
        <tocitem target="bvakk" text="Growing a Stand-Alone, Non-archiving or Archiving File System" expand="false"></tocitem>
        <tocitem target="bvakm" text="Checking a Stand-Alone, Non-archiving or Archiving File System" expand="false"></tocitem>
        <tocitem target="bvako" text="Mounting a Stand-Alone, Non-archiving or Archiving File System" expand="false"></tocitem>
        <tocitem target="bvakq" text="Editing Mount Options for a Stand-Alone, Non-archiving or Archiving File System" expand="false"></tocitem>
        <tocitem target="bvaks" text="Unmounting a Stand-Alone, Non-archiving or Archiving File System" expand="false"></tocitem>
        <tocitem target="bvaku" text="Deleting a Stand-Alone, Non-archiving or Archiving File System" expand="false"></tocitem>
        <tocitem target="bvakw" text="About Creating an Archiving File System and VSN Association" expand="false"></tocitem></tocitem>
    <tocitem target="bvaky" text="Managing Policies for Archiving File Systems" expand="false">
        <tocitem target="bvakz" text="Adding a Policy to an Archiving File System" expand="false"></tocitem>
        <tocitem target="bvalb" text="Adding Existing File Match Criteria to an Archiving File System" expand="false"></tocitem>
        <tocitem target="bvald" text="Reordering File Match Criteria for an Archiving File System" expand="false"></tocitem>
        <tocitem target="bvalf" text="Removing File Match Criteria From an Archiving File System" expand="false"></tocitem></tocitem>
    <tocitem target="bvalh" text="Protecting Archiving File System Data" expand="false">
        <tocitem target="bvali" text="About Protecting Archiving File System Data" expand="false"></tocitem>
        <tocitem target="bvalk" text="Scheduling and Creating Recovery Points" expand="false">
            <tocitem target="bvalk" text="About Recovery Points" expand="false"></tocitem>
            <tocitem target="bvalk" text="Planning Recovery Points" expand="false"></tocitem>
            <tocitem target="bvalk" text="Scheduling the Creation of Recovery Points" expand="false"></tocitem>
            <tocitem target="bvalk" text="Creating a Recovery Point on Demand" expand="false"></tocitem>
            <tocitem target="bvalk" text="Editing a Recovery Point Schedule" expand="false"></tocitem>
            <tocitem target="bvalk" text="Removing a Recovery Point Schedule" expand="false"></tocitem></tocitem>
        <tocitem target="bvaly" text="Restoring Archiving File System Data" expand="false">
            <tocitem target="bvaly" text="Restoring an Archiving File System" expand="false"></tocitem>
            <tocitem target="bvaly" text="Filtering Recovery Point Files" expand="false"></tocitem>
            <tocitem target="bvaly" text="Filter File Name Pattern Values" expand="false"></tocitem>
            <tocitem target="bvaly" text="Deleting the Index for a Recovery Point" expand="false"></tocitem>
            <tocitem target="bvaly" text="Deleting a Recovery Point" expand="false"></tocitem></tocitem></tocitem>
    <tocitem target="bvamm" text="Administering Shared File Systems" expand="false">
        <tocitem target="bvamn" text="Planning a Shared File System" expand="false"></tocitem>
        <tocitem target="bvamp" text="Creating a Shared File System" expand="false"></tocitem>
        <tocitem target="bvamr" text="Creating the Shared Hosts File" expand="false"></tocitem>
        <tocitem target="bvamt" text="Adding a Client or Potential Metadata Server" expand="false"></tocitem>
        <tocitem target="bvamv" text="Deleting a Client or Potential Metadata Server" expand="false"></tocitem>
        <tocitem target="bvamx" text="Deleting the Metadata Server" expand="false"></tocitem>
        <tocitem target="bvamz" text="Mounting and Unmounting Shared File Systems" expand="false">
            <tocitem target="bvamz" text="Mounting a Shared File System" expand="false"></tocitem>
            <tocitem target="bvamz" text="Mounting the Metadata Server" expand="false"></tocitem>
            <tocitem target="bvamz" text="Mounting a Client or Potential Metadata Server" expand="false"></tocitem>
            <tocitem target="bvamz" text="Editing Mount Options for a Shared File System" expand="false"></tocitem>
            <tocitem target="bvamz" text="Unmounting a Shared File System" expand="false"></tocitem>
            <tocitem target="bvamz" text="Unmounting a Client or Potential Metadata Server" expand="false"></tocitem>
            <tocitem target="bvamz" text="Unmounting the Metadata Server" expand="false"></tocitem></tocitem>
        <tocitem target="bvano" text="Deleting a Shared File System" expand="false"></tocitem></tocitem>
    <tocitem target="bvanq" text="Managing NFS Sharing for File Systems" expand="false">
        <tocitem target="samqfs-filesystemeditnfsproperties" text="NFS Shared Resources Page" expand="false"></tocitem>
        <tocitem target="samqfs-advancednetworkconfig" text="Advanced Network Configuration Page" expand="false"></tocitem>
        <tocitem target="bvanr" text="About NFS Sharing" expand="false"></tocitem>
        <tocitem target="bvant" text="Adding an NFS Directory" expand="false"></tocitem>
        <tocitem target="bvanv" text="Editing NFS Directory Options" expand="false"></tocitem>
        <tocitem target="bvanx" text="Changing the Status of an NFS Directory" expand="false"></tocitem>
        <tocitem target="bvanz" text="Removing an NFS Directory" expand="false"></tocitem></tocitem></tocitem>
 <tocitem target="bvaqi" text="5.  Archive Administration" expand="false">
    <tocitem target="bvaqj" text="About Archive Management" expand="false"></tocitem>
    <tocitem target="bvaxm" text="Storage Recycling" expand="false">
        <tocitem target="samqfs-recycler" text="Storage Recycling Page" expand="false"></tocitem>
        <tocitem target="bvaxn" text="About the Recycler" expand="false">
            <tocitem target="bvaxn" text="Selecting Eligible Volumes" expand="false">
                <tocitem target="bvaxn" text="Recycling Volumes" expand="false"></tocitem></tocitem></tocitem>
        <tocitem target="bvaxr" text="Running Recycling" expand="false"></tocitem>
        <tocitem target="bvaxt" text="Configuring Library Recycling Values" expand="false"></tocitem>
        <tocitem target="bvaxv" text="Configuring Policy Recycling Values" expand="false"></tocitem></tocitem>
    <tocitem target="ggxmk" text="Archive Activities" expand="false">
        <tocitem target="bvaql" text="About Archiving, Releasing, and Staging" expand="false">
            <tocitem target="bvaql" text="About Archiving" expand="false"></tocitem>
            <tocitem target="bvaql" text="Planning for Archiving" expand="false"></tocitem>
            <tocitem target="bvaql" text="About Continuous Archiving" expand="false"></tocitem>
            <tocitem target="bvaql" text="About Associative Archiving" expand="false"></tocitem>
            <tocitem target="bvaql" text="About the Releaser" expand="false"></tocitem>
            <tocitem target="bvaql" text="About the Stager" expand="false"></tocitem></tocitem>
        <tocitem target="bvard" text="Controlling Archiving for Archiving File Systems" expand="false">
            <tocitem target="bvard" text="Configuring Archiver Scanning for an Archiving File System" expand="false"></tocitem>
            <tocitem target="bvard" text="Stopping or Idling Archiving for an Archiving File System" expand="false"></tocitem>
            <tocitem target="bvard" text="Running Archiving for an Archiving File System" expand="false"></tocitem></tocitem>
        <tocitem target="samqfs-vsnpoolsummary" text="Volume Pool Summary Page" expand="false"></tocitem>
        <tocitem target="samqfs-vnspooldetails" text="Volume Pool Details Page" expand="false">
            <tocitem target="samqfs-vnspooldetails" text="Volume Pool Members" expand="false"></tocitem></tocitem>
        <tocitem target="bvavm" text="Managing Volume Pools" expand="false">
            <tocitem target="bvavm" text="About VSN Pools" expand="false"></tocitem>
            <tocitem target="bvavm" text="Creating a VSN VolumePool" expand="false"></tocitem>
            <tocitem target="bvavm" text="Editing a Volume Pool" expand="false"></tocitem>
            <tocitem target="bvavm" text="Deleting a Volume Pool" expand="false"></tocitem>
            <tocitem target="bvavm" text="Reference Pages" expand="false"></tocitem></tocitem>
        <tocitem target="bvaya" text="Managing Archiving and Staging Activity" expand="false">
            <tocitem target="bvaya" text="Controlling Global Archiving Activity" expand="false"></tocitem>
            <tocitem target="bvaya" text="Controlling Global Staging Activity" expand="false"></tocitem>
            <tocitem target="bvaya" text="Staging a File or Directory on Demand" expand="false"></tocitem>
            <tocitem target="bvaya" text="Reference Pages" expand="false"></tocitem></tocitem>
        <tocitem target="samqfs-activitymanagement" text="Activity Management Page" expand="false"></tocitem>
        <tocitem target="samqfs-staging" text="Stage File Page" expand="false"></tocitem></tocitem>
    <tocitem target="bvark" text="Managing Archive Policies" expand="false">
        <tocitem target="samqfs-archivepoliciessummary" text="Archive Policies Summary Page" expand="false"></tocitem>
        <tocitem target="bvarz" text="Enabling Archiving Options in a Policy" expand="false">
            <tocitem target="bvarz" text="Enabling Disk Archiving" expand="false">
                <tocitem target="bvarz" text="For a New Policy" expand="false"></tocitem>
                <tocitem target="bvarz" text="For an Existing Copy in an Existing Policy" expand="false"></tocitem>
                <tocitem target="bvarz" text="For a New Copy in an Existing Policy" expand="false"></tocitem></tocitem>
            <tocitem target="bvarz" text="Enabling Archiving to Tape" expand="false">
                <tocitem target="bvarz" text="For a New Policy" expand="false"></tocitem>
                <tocitem target="bvarz" text="For an Existing Copy in an Existing Policy" expand="false"></tocitem>
                <tocitem target="bvarz" text="For a New Copy in an Existing Policy" expand="false"></tocitem></tocitem>
            <tocitem target="bvarz" text="Enabling Associative Archiving" expand="false"></tocitem>
            <tocitem target="bvarz" text="Enabling Continuous Archiving" expand="false"></tocitem>
            <tocitem target="bvarz" text="Enabling Archiving to Pools of Disk or Tape VSNs" expand="false">
                <tocitem target="bvarz" text="For a New Policy" expand="false"></tocitem>
                <tocitem target="bvarz" text="For an Existing Copy in an Existing Policy" expand="false"></tocitem>
                <tocitem target="bvarz" text="For a New Copy in an Existing Policy" expand="false"></tocitem></tocitem></tocitem>
        <tocitem target="bvast" text="Administering File Match Criteria" expand="false">
            <tocitem target="bvast" text="About File Match Criteria" expand="false"></tocitem>
            <tocitem target="bvast" text="Editing File Match Criteria" expand="false"></tocitem>
            <tocitem target="bvast" text="Adding a File System to a Set of File Match Criteria" expand="false"></tocitem>
            <tocitem target="bvast" text="Removing a File System From a Set of File Match Criteria" expand="false"></tocitem>
            <tocitem target="bvast" text="Planning File Match Criteria" expand="false"></tocitem>
            <tocitem target="bvast" text="Adding File Match Criteria to a Policy" expand="false"></tocitem>
            <tocitem target="bvast" text="Removing File Match Criteria From a Policy" expand="false"></tocitem></tocitem>
        <tocitem target="bvati" text="Administering Policy Copies" expand="false">
            <tocitem target="bvati" text="About Policy Copies" expand="false"></tocitem>
            <tocitem target="bvati" text="Editing a Policy Copy" expand="false"></tocitem>
            <tocitem target="bvati" text="Modifying VSN Assignments in a Policy Copy" expand="false"></tocitem>
            <tocitem target="bvati" text="Adding a Copy to a Policy" expand="false"></tocitem>
            <tocitem target="bvati" text="Removing a Copy From a Policy" expand="false"></tocitem></tocitem>
        <tocitem target="bvatt" text="Reference Pages" expand="false"></tocitem>
        <tocitem target="samqfs-policycopydiskoptions" text="Policy Copy (Disk) Details Page" expand="false">
            <tocitem target="samqfs-policycopydiskoptions" text="Archive Organization" expand="false"></tocitem>
            <tocitem target="samqfs-policycopydiskoptions" text="Tuning Archive Media Writes" expand="false"></tocitem>
            <tocitem target="samqfs-policycopydiskoptions" text="Archiver Work Queue Management" expand="false"></tocitem>
            <tocitem target="samqfs-policycopydiskoptions" text="Archive Policy-Based Recycling" expand="false"></tocitem></tocitem>
        <tocitem target="samqfs-policycopytapeoptions" text="Policy Copy (Tape) Details Page" expand="false">
            <tocitem target="samqfs-policycopytapeoptions" text="Archive Organization" expand="false"></tocitem>
            <tocitem target="samqfs-policycopytapeoptions" text="Tuning Archive Media Writes" expand="false"></tocitem>
            <tocitem target="samqfs-policycopytapeoptions" text="Archiver Work Queue Management" expand="false"></tocitem>
            <tocitem target="samqfs-policycopytapeoptions" text="Archive Policy-Based Recycling" expand="false"></tocitem></tocitem>
        <tocitem target="samqfs-policycopyvsns" text="Policy Copy VSNs Page" expand="false"></tocitem>
        <tocitem target="samqfs-policycriteriadetails" text="Policy Criteria Details Page" expand="false">
            <tocitem target="samqfs-policycriteriadetails" text="File Match Criteria" expand="false"></tocitem>
            <tocitem target="samqfs-policycriteriadetails" text="Stage/Release Behavior" expand="false"></tocitem>
            <tocitem target="samqfs-policycriteriadetails" text="Archive Copy Settings for Policy" expand="false"></tocitem>
            <tocitem target="samqfs-policycriteriadetails" text="File Systems Using Criteria" expand="false"></tocitem></tocitem>
        <tocitem target="samqfs-policydetails" text="Default Copy Settings (allsets) Page" expand="false">
            <tocitem target="samqfs-policydetails" text="Copy Information" expand="false"></tocitem>
            <tocitem target="samqfs-policydetails" text="File Match Criteria" expand="false"></tocitem>
            <tocitem target="samqfs-policydetails" text="Archiving Copy Settings for Criteria" expand="false"></tocitem></tocitem></tocitem>
    <tocitem target="bvawf" text="Disk—Based VSNs for Archiving" expand="false">
        <tocitem target="bvawo" text="Reference Pages" expand="false"></tocitem></tocitem>
    <tocitem target="bvaws" text="Global Parameters" expand="false">
        <tocitem target="samqfs-generalarchivingsetup" text="General Setup Page" expand="false">
            <tocitem target="samqfs-generalarchivingsetup" text="Global" expand="false"></tocitem>
            <tocitem target="samqfs-generalarchivingsetup" text="Media Type Parameters" expand="false"></tocitem>
            <tocitem target="samqfs-generalarchivingsetup" text="Drive Limits" expand="false"></tocitem></tocitem>
        <tocitem target="bvawt" text="About Archiver Scanning Methods" expand="false"></tocitem>
        <tocitem target="bvaww" text="Configuring Global Archiving Values" expand="false"></tocitem>
        <tocitem target="bvawy" text="Configuring Global Staging Values" expand="false"></tocitem>
        <tocitem target="bvaxa" text="Configuring Global Releasing Values" expand="false"></tocitem>
        <tocitem target="bvaxc" text="Configuring Global Media Type Parameters" expand="false"></tocitem></tocitem></tocitem>
 <tocitem target="bvayo" text="6.  Managing Removable Media" expand="false">
    <tocitem target="bvayp" text="About Removable Media Management" expand="false"></tocitem>
    <tocitem target="bvayr" text="About Removable Media" expand="false"></tocitem>
    <tocitem target="bvayt" text="About Supported Libraries and Drives" expand="false"></tocitem>
    <tocitem target="bvayx" text="Archive Media" expand="false">
        <tocitem target="samqfs-librarysummary" text="Tape Library Summary Page" expand="false"></tocitem>
        <tocitem target="bvayy" text="About Libraries" expand="false">
            <tocitem target="bvayy" text="Adding a Library" expand="false"></tocitem>
            <tocitem target="bvayy" text="Managing Library Drives" expand="false">
                <tocitem target="bvayy" text="Changing the State of a Library Drive" expand="false"></tocitem>
                <tocitem target="bvayy" text="Idling a Drive" expand="false"></tocitem>
                <tocitem target="bvayy" text="Unloading a Drive" expand="false"></tocitem>
                <tocitem target="bvayy" text="Cleaning a Drive" expand="false"></tocitem></tocitem>
            <tocitem target="bvayy" text="Changing the State of a Library" expand="false"></tocitem>
            <tocitem target="bvayy" text="Deleting a Library" expand="false"></tocitem>
            <tocitem target="bvayy" text="Unloading a Library" expand="false"></tocitem></tocitem>
        <tocitem target="samqfs-libraryvsnsummary" text="Tape Volume Summary Page" expand="false"></tocitem>
        <tocitem target="bvazv" text="Managing VSNs in a Library" expand="false">
            <tocitem target="bvazv" text="Importing a VSN" expand="false"></tocitem>
            <tocitem target="bvazv" text="Exporting a VSN" expand="false"></tocitem>
            <tocitem target="bvazv" text="Loading a VSN Into a Drive in a Library" expand="false"></tocitem>
            <tocitem target="bvazv" text="Unloading a VSN From a Drive in a Library" expand="false"></tocitem>
            <tocitem target="bvazv" text="Labeling a VSN" expand="false"></tocitem>
            <tocitem target="bvazv" text="Reserving a VSN in a Library" expand="false"></tocitem>
            <tocitem target="bvazv" text="Unreserving a VSN in a Library" expand="false"></tocitem>
            <tocitem target="bvazv" text="Auditing the Slot for a VSN in a Library" expand="false"></tocitem>
            <tocitem target="bvazv" text="Editing the Media Attributes for a VSN in a Library" expand="false"></tocitem></tocitem>
        <tocitem target="samqfs-importvsn" text="Import VSN Page" expand="false"></tocitem>
        <tocitem target="samqfs-historian" text="Historian Page" expand="false">
            <tocitem target="samqfs-historian" text="About the Historian" expand="false"></tocitem></tocitem>
        <tocitem target="samqfs-vsnsearch" text="Searching for a VSN" expand="false"></tocitem>
        <tocitem target="samqfs-vsndetails" text="VSN Details Page" expand="false"></tocitem>
        <tocitem target="samqfs-searchresults" text="Search Results Page" expand="false"></tocitem>
        <tocitem target="samqfs-drivedetails" text="Library and Drive Details Page" expand="false"></tocitem>
        <tocitem target="bvazg" text="Removing Archiving, Staging, and Recycling Configurations" expand="false">
            <tocitem target="bvazg" text="Removing Archiving and Staging Configurations" expand="false">
                <tocitem target="bvazg" text="Removing Recycling Configurations" expand="false"></tocitem></tocitem></tocitem>
        <tocitem target="samqfs-diskvsns" text="Disk-Based VSNs Summary Page" expand="false">
            <tocitem target="samqfs-diskvsns" text="About Archiving to Disk-Based VSNs" expand="false"></tocitem>
            <tocitem target="samqfs-diskvsns" text="Creating a Disk VSN" expand="false"></tocitem>
            <tocitem target="samqfs-diskvsns" text="Creating an Sun StorageTek 5800 VSN" expand="false"></tocitem>
            <tocitem target="samqfs-diskvsns" text="Editing the Media Attributes of a Disk VSN" expand="false"></tocitem></tocitem></tocitem></tocitem>
 <tocitem target="ggxnb" text="7.  Configuring Email Alerts" expand="false">
    <tocitem target="samqfs-notificationsummary" text="Configuring Email Alerts" expand="false">
        <tocitem target="bvbbn" text="About Email Alerts" expand="false"></tocitem>
        <tocitem target="bvbbq" text="Creating an Email Alert" expand="false"></tocitem>
        <tocitem target="bvbbs" text="Changing Email Alert Events for a Recipient" expand="false"></tocitem>
        <tocitem target="bvbbu" text="Deleting an Email Alert" expand="false"></tocitem>
        <tocitem target="bvbbm" text="Email Alert Summary Page" expand="false"></tocitem></tocitem></tocitem>
 <tocitem target="bvacy" text="8.  Monitoring the Environment" expand="false">
    <tocitem target="bvacz" text="Monitoring Servers" expand="false">
        <tocitem target="bvada" text="Displaying the Configuration of Servers in Your Site" expand="false"></tocitem>
        <tocitem target="samqfs-serverconfiguration" text="Displaying the Configuration of a Server" expand="false"></tocitem>
        <tocitem target="bvade" text="Displaying Software Packages on a Server" expand="false"></tocitem>
        <tocitem target="bvadg" text="Displaying Log or Trace Files on a Server" expand="false"></tocitem>
        <tocitem target="bvadi" text="Displaying Configuration Files on a Server" expand="false"></tocitem>
        <tocitem target="bvadk" text="Displaying Warning Messages in Server Files" expand="false"></tocitem>
        <tocitem target="bvadm" text="Displaying the Minimum Server Release Supported by SAM-QFS Manager" expand="false"></tocitem>
        <tocitem target="bvado" text="Reference Pages" expand="false">
            <tocitem target="bvado" text="SAM-QFS Manager Release Highlights Page" expand="false">
                <tocitem target="bvado" text="Related Topics" expand="false"></tocitem></tocitem></tocitem></tocitem>
    <tocitem target="bvaeo" text="Monitoring File Systems" expand="false">
        <tocitem target="bvaep" text="Displaying the Status of a File System" expand="false"></tocitem>
        <tocitem target="bvaer" text="Displaying File System Devices" expand="false"></tocitem>
        <tocitem target="bvaet" text="Displaying NFS Shared Directories in a File System" expand="false"></tocitem>
        <tocitem target="bvaev" text="Displaying File Match Criteria for an Archiving File System" expand="false"></tocitem>
        <tocitem target="bvaex" text="Displaying the Status of Recovery Point Activities" expand="false"></tocitem>
        <tocitem target="bvaez" text="Displaying the Status of a Restore Process for an Archiving File System" expand="false"></tocitem>
        <tocitem target="bvafb" text="Displaying the Metadata Server for a Shared File System" expand="false"></tocitem>
        <tocitem target="bvafd" text="Displaying All Hosts in a Shared File System" expand="false"></tocitem>
        <tocitem target="bvaff" text="About System Metrics" expand="false">
            <tocitem target="bvaff" text="Media Utilization and Status Page" expand="false"></tocitem>
            <tocitem target="bvaff" text="Creating Media Utilization and Status Reports" expand="false"></tocitem>
            <tocitem target="bvaff" text="Viewing File Data Distribution" expand="false"></tocitem>
            <tocitem target="bvaff" text="Creating File System Utilization Reports" expand="false"></tocitem></tocitem>
        <tocitem target="samqfs-filedatadistribution" text="File Data Distribution Page" expand="false"></tocitem>
        <tocitem target="samqfs-filesystemutilization" text="File System Utilization Page" expand="false"></tocitem></tocitem>
    <tocitem target="bvafs" text="Monitoring Policies" expand="false">
        <tocitem target="bvaft" text="Displaying File Match Criteria in a Policy" expand="false"></tocitem>
        <tocitem target="bvafv" text="Displaying File Systems Using Specific File Match Criteria" expand="false"></tocitem>
        <tocitem target="bvafx" text="Displaying the Copy Details of a Policy" expand="false"></tocitem>
        <tocitem target="bvafz" text="Displaying the VSNs Assigned to a Policy Copy" expand="false"></tocitem></tocitem>
    <tocitem target="bvagb" text="Monitoring Libraries" expand="false">
        <tocitem target="bvagc" text="Displaying VSNs for a Library" expand="false"></tocitem>
        <tocitem target="bvage" text="Displaying the Drives in a Library" expand="false"></tocitem>
        <tocitem target="bvagg" text="Displaying the Status and State of a Library" expand="false"></tocitem>
        <tocitem target="bvagi" text="Displaying Historian Catalog Information" expand="false"></tocitem>
        <tocitem target="bvagk" text="Displaying Mount Requests in a Library" expand="false"></tocitem></tocitem>
    <tocitem target="bvagm" text="Monitoring Archiving, Releasing, and Staging Activity" expand="false">
        <tocitem target="bvagn" text="Displaying Archiving Activity" expand="false"></tocitem>
        <tocitem target="bvagp" text="Displaying Releasing Activity" expand="false"></tocitem>
        <tocitem target="bvagr" text="Displaying Staging Activity" expand="false"></tocitem></tocitem>
    <tocitem target="bvagt" text="Monitoring Jobs" expand="false">
        <tocitem target="samqfs-jobssummary" text="Jobs Summary" expand="false"></tocitem>
        <tocitem target="samqfs-jobdetails" text="Job Details Page" expand="false">
            <tocitem target="samqfs-jobdetails" text="Displaying Jobs" expand="false"></tocitem>
            <tocitem target="samqfs-jobdetails" text="Canceling a Job" expand="false"></tocitem></tocitem></tocitem>
    <tocitem target="bvaix" text="Monitoring Faults" expand="false">
        <tocitem target="samqfs-faultsummary" text="Fault Summary Page" expand="false"></tocitem>
        <tocitem target="bvajb" text="Displaying Faults" expand="false"></tocitem>
        <tocitem target="bvajd" text="Acknowledging Faults" expand="false"></tocitem>
        <tocitem target="bvajf" text="Deleting Faults" expand="false"></tocitem>
        <tocitem target="bvajh" text="Reference Pages" expand="false"></tocitem></tocitem>
    <tocitem target="bvbca" text="Using SAMreports" expand="false">
        <tocitem target="bvbcb" text="About SAMreports" expand="false"></tocitem>
        <tocitem target="bvbcd" text="Generating SAMreports" expand="false"></tocitem>
        <tocitem target="bvbcf" text="Displaying SAMreports" expand="false"></tocitem></tocitem></tocitem>
 <tocitem target="bvbct" text="Glossary" expand="false"></tocitem>
</toc>
