<?xml version='1.0' encoding='ISO-8859-1' ?>

<toc version="1.0">
 <tocitem target="samqfs-01-1_html_wp999065" text="File System Manager Software 3.0 Online Help">
  <tocitem target="samqfs-02-2_html_wp1048329" text="Product Overview">
   <tocitem target="samqfs-02-3_html_wp1045200" text="About the File System Manager Software" />
   <tocitem target="samqfs-02-4_html_wp1021214" text="How the Software Works" />
   <tocitem target="samqfs-02-5_html_wp1040621" text="Assigning Administrative Privileges to Users" />
   <tocitem target="samqfs-02-6_html_wp1046825" text="Logging In to and Out of the Software" />
   <tocitem target="samqfs-02-7_html_wp1047078" text="Setting the Session Timeout Value" />
   <tocitem target="samqfs-registration_html_wp1047095" text="Registering the Software" />
  </tocitem>
  <tocitem target="samqfs-03-02_html_wp1048617" text="Using the Browser Interface">
   <tocitem target="samqfs-03-03_html_wp1040762" text="About Interface Elements">
    <tocitem target="samqfs-03-04_html_wp1046631" text="About the Banner and Content Pane" />
    <tocitem target="samqfs-03-05_html_wp1044529" text="Reference: Banner Elements" />
    <tocitem target="samqfs-03-06_html_wp1014333" text="Reference: Content Pane Navigational Elements" />
    <tocitem target="samqfs-03-07_html_wp1023490" text="Reference: Content Pane Icons and Buttons" />
   </tocitem>
   <tocitem target="samqfs-03-08_html_wp1039502" text="About Wizards" />
   <tocitem target="samqfs-03-09_html_wp1045450" text="Enabling Pop-Up Windows" />
   <tocitem target="samqfs-03-10_html_wp1044977" text="Changing the Current Server" />
   <tocitem target="samqfs-03-11_html_wp1030464" text="About Report Tables">
    <tocitem target="samqfs-03-12_html_wp1044082" text="Reference: Report Table Controls" />
    <tocitem target="samqfs-03-13_html_wp1043750" text="Sorting Tables" />
    <tocitem target="samqfs-03-14_html_wp1028305" text="Filtering Tables" />
   </tocitem>
   <tocitem target="samqfs-03-15_html_wp1039931" text="Using Help" />
  </tocitem>
  <tocitem target="samqfs-04-2_html_wp1030122" text="Getting Started: Task Overview" />
  <tocitem target="samqfs-05-2_html_wp1037596" text="Performing Initial Configuration Tasks">
   <tocitem target="samqfs-05-3_html_wp1026747" text="Task Overview: Configuring a Server" />
   <tocitem target="samqfs-05-4_html_wp1030215" text="Reference: Server Configuration Files" />
   <tocitem target="samqfs-05-5_html_wp1036348" text="Adding a Server" />
   <tocitem target="samqfs-05-6_html_wp1032321" text="Removing a Server" />
   <tocitem target="samqfs-05-7_html_wp1056556" text="Reference Pages">
    <tocitem target="samqfs-serversummary_html_wp1056565" text="Servers Page" />
   </tocitem>
  </tocitem>
  <tocitem target="samqfs-06-02_html_wp1066002" text="Monitoring the Environment">
   <tocitem target="samqfs-06-03_html_wp1028070" text="Monitoring Servers">
    <tocitem target="samqfs-06-04_html_wp1059922" text="Displaying the Configuration of Servers in Your Site" />
    <tocitem target="samqfs-06-05_html_wp1057057" text="Displaying the Configuration of a Server" />
    <tocitem target="samqfs-06-06_html_wp1057081" text="Displaying Software Packages on a Server" />
    <tocitem target="samqfs-06-07_html_wp1059580" text="Displaying Log or Trace Files on a Server" />
    <tocitem target="samqfs-06-08_html_wp1060080" text="Displaying Configuration Files on a Server" />
    <tocitem target="samqfs-06-09_html_wp1057101" text="Displaying Warning Messages in Server Files" />
    <tocitem target="samqfs-06-10_html_wp1053557" text="Displaying the Minimum Server Release Supported by File System Manager" />
    <tocitem target="samqfs-06-11_html_wp1112347" text="Reference Pages">
     <tocitem target="samqfs-releasehighlights_html_wp1112367" text="File System Manager Release Highlights Page" />
     <tocitem target="samqfs-serverconfiguration_html_wp1112497" text="Server Configuration Page" />
     <tocitem target="samqfs-siteinformation_html_wp1112775" text="Site Information Page" />
    </tocitem>
   </tocitem>
   <tocitem target="samqfs-06-15_html_wp1051129" text="Monitoring File Systems">
    <tocitem target="samqfs-06-16_html_wp1045167" text="Displaying the Status of a File System" />
    <tocitem target="samqfs-06-17_html_wp1029860" text="Displaying File System Devices" />
    <tocitem target="samqfs-06-18_html_wp1057380" text="Displaying NFS Shared Directories in a File System" />
    <tocitem target="samqfs-06-19_html_wp1055878" text="Displaying File Match Criteria for an Archiving File System" />
    <tocitem target="samqfs-06-20_html_wp1109073" text="Displaying the Status of Recovery Point Activities" />
    <tocitem target="samqfs-06-21_html_wp1057432" text="Displaying the Status of a Restore Process for an Archiving File System" />
    <tocitem target="samqfs-06-22_html_wp1050524" text="Displaying the Metadata Server for a Shared File System" />
    <tocitem target="samqfs-06-23_html_wp1050309" text="Displaying All Hosts in a Shared File System" />
    <tocitem target="samqfs-06-24_html_wp1107358" text="About System Metrics">
     <tocitem target="samqfs-mediastatus_html_wp1119492" text="Media Utilization and Status Page" />
     <tocitem target="samqfs-filedatadistribution_html_wp1119528" text="File Data Distribution Page" />
     <tocitem target="samqfs-filesystemutilization_html_wp1119562" text="File System Utilization Page" />
     <tocitem target="samqfs-06-28_html_wp1108835" text="Creating Media Utilization and Status Reports" />
     <tocitem target="samqfs-06-29_html_wp1108907" text="Viewing File Data Distribution" />
     <tocitem target="samqfs-06-30_html_wp1108956" text="Creating File System Utilization Reports" />
    </tocitem>
   </tocitem>
   <tocitem target="samqfs-06-31_html_wp1044945" text="Monitoring Policies">
    <tocitem target="samqfs-06-32_html_wp1050346" text="Displaying File Match Criteria in a Policy" />
    <tocitem target="samqfs-06-33_html_wp1050374" text="Displaying File Systems Using Specific File Match Criteria" />
    <tocitem target="samqfs-06-34_html_wp1045379" text="Displaying the Copy Details of a Policy" />
    <tocitem target="samqfs-06-35_html_wp1042120" text="Displaying the VSNs Assigned to a Policy Copy" />
   </tocitem>
   <tocitem target="samqfs-06-36_html_wp1042207" text="Monitoring Libraries">
    <tocitem target="samqfs-06-37_html_wp1044122" text="Displaying VSNs for a Library" />
    <tocitem target="samqfs-06-38_html_wp1042265" text="Displaying the Drives in a Library" />
    <tocitem target="samqfs-06-39_html_wp1042552" text="Displaying the Status and State of a Library" />
    <tocitem target="samqfs-06-40_html_wp1042635" text="Displaying Historian Catalog Information" />
    <tocitem target="samqfs-06-41_html_wp1043568" text="Displaying Mount Requests in a Library" />
   </tocitem>
   <tocitem target="samqfs-06-42_html_wp1042465" text="Monitoring Archiving, Releasing, and Staging Activity">
    <tocitem target="samqfs-06-43_html_wp1043653" text="Displaying Archiving Activity" />
    <tocitem target="samqfs-06-44_html_wp1042490" text="Displaying Releasing Activity" />
    <tocitem target="samqfs-06-45_html_wp1042515" text="Displaying Staging Activity" />
   </tocitem>
   <tocitem target="samqfs-06-46_html_wp1042459" text="Monitoring Jobs">
    <tocitem target="samqfs-06-47_html_wp1027266" text="About Jobs" />
    <tocitem target="samqfs-06-48_html_wp1027277" text="Displaying Jobs" />
    <tocitem target="samqfs-06-49_html_wp1055771" text="Canceling a Job" />
    <tocitem target="samqfs-06-50_html_wp1113537" text="Using the Monitoring Console" />
    <tocitem target="samqfs-06-51_html_wp1117164" text="Reference Pages">
     <tocitem target="samqfs-alljobssummary_html_wp1113558" text="All Jobs Summary Page" />
     <tocitem target="samqfs-currentjobssummary_html_wp1113606" text="Current Jobs Summary Page" />
     <tocitem target="samqfs-jobdetails_html_wp1113650" text="Job Details Page" />
     <tocitem target="samqfs-pendingjobs_html_wp1114291" text="Pending Jobs Summary Page" />
     <tocitem target="samqfs-scheduledtasks_html_wp1114332" text="Scheduled Tasks Page" />
     <tocitem target="samqfs-monitoringconsole_html_wp1117049" text="Monitoring Console Page" />
    </tocitem>
   </tocitem>
   <tocitem target="samqfs-06-58_html_wp1107547" text="Monitoring Faults">
    <tocitem target="samqfs-06-59_html_wp1027271" text="About Faults" />
    <tocitem target="samqfs-06-60_html_wp1027308" text="Displaying Faults" />
    <tocitem target="samqfs-06-61_html_wp1044354" text="Acknowledging Faults" />
    <tocitem target="samqfs-06-62_html_wp1027208" text="Deleting Faults" />
    <tocitem target="samqfs-06-63_html_wp1114449" text="Reference Pages">
     <tocitem target="samqfs-devicefaultsummary_html_wp1114462" text="Device Fault Summary Page" />
     <tocitem target="samqfs-faultsummary_html_wp1114521" text="Fault Summary Page" />
    </tocitem>
   </tocitem>
  </tocitem>
  <tocitem target="samqfs-07-02_html_wp1135744" text="Managing File Systems">
   <tocitem target="samqfs-07-03_html_wp1027643" text="About File System Management" />
   <tocitem target="samqfs-07-04_html_wp1093593" text="About Discovering Available Devices" />
   <tocitem target="samqfs-07-05_html_wp1093570" text="About File Systems">
    <tocitem target="samqfs-07-06_html_wp1093639" text="About Supported File Systems" />
    <tocitem target="samqfs-07-07_html_wp1089957" text="About Stand-Alone, Non-archiving File Systems" />
    <tocitem target="samqfs-07-08_html_wp1085756" text="About Archiving File Systems" />
    <tocitem target="samqfs-07-09_html_wp1090802" text="About Shared File Systems" />
    <tocitem target="samqfs-07-10_html_wp1092406" text="About HA-QFS File Systems" />
   </tocitem>
   <tocitem target="samqfs-07-11_html_wp1081878" text="Administering Stand-Alone, Non-archiving File Systems and Archiving File Systems">
    <tocitem target="samqfs-07-12_html_wp1082340" text="Planning a Stand-Alone, Non-archiving or Archiving File System" />
    <tocitem target="samqfs-07-13_html_wp1082389" text="Creating a Stand-Alone, Non-archiving or Archiving File System" />
    <tocitem target="samqfs-07-14_html_wp1070101" text="Growing a Stand-Alone, Non-archiving or Archiving File System" />
    <tocitem target="samqfs-07-15_html_wp1038074" text="Checking a Stand-Alone, Non-archiving or Archiving File System" />
    <tocitem target="samqfs-07-16_html_wp1089224" text="Mounting a Stand-Alone, Non-archiving or Archiving File System" />
    <tocitem target="samqfs-07-17_html_wp1089253" text="Editing Mount Options for a Stand-Alone, Non-archiving or Archiving File System" />
    <tocitem target="samqfs-07-18_html_wp1140331" text="Unmounting a Stand-Alone, Non-archiving or Archiving File System" />
    <tocitem target="samqfs-07-19_html_wp1038652" text="Deleting a Stand-Alone, Non-archiving or Archiving File System" />
    <tocitem target="samqfs-07-20_html_wp1089646" text="About Creating an Archiving File System and VSN Association" />
   </tocitem>
   <tocitem target="samqfs-07-21_html_wp1029141" text="Managing Policies for Archiving File Systems">
    <tocitem target="samqfs-07-22_html_wp1059566" text="Adding a Policy to an Archiving File System" />
    <tocitem target="samqfs-07-23_html_wp1059564" text="Adding Existing File Match Criteria to an Archiving File System" />
    <tocitem target="samqfs-07-24_html_wp1059689" text="Reordering File Match Criteria for an Archiving File System" />
    <tocitem target="samqfs-07-25_html_wp1205330" text="Removing File Match Criteria From an Archiving File System" />
   </tocitem>
   <tocitem target="samqfs-07-26_html_wp1076471" text="Protecting Archiving File System Data">
    <tocitem target="samqfs-07-27_html_wp1086610" text="About Protecting Archiving File System Data" />
    <tocitem target="samqfs-07-28_html_wp1076525" text="Scheduling and Creating Recovery Points">
     <tocitem target="samqfs-07-29_html_wp1076556" text="About Recovery Points" />
     <tocitem target="samqfs-07-30_html_wp1076584" text="Planning Recovery Points" />
     <tocitem target="samqfs-07-31_html_wp1076671" text="Scheduling the Creation of Recovery Points" />
     <tocitem target="samqfs-07-32_html_wp1076836" text="Creating a Recovery Point on Demand" />
     <tocitem target="samqfs-07-33_html_wp1076865" text="Editing a Recovery Point Schedule" />
     <tocitem target="samqfs-07-34_html_wp1076897" text="Removing a Recovery Point Schedule" />
    </tocitem>
    <tocitem target="samqfs-07-35_html_wp1076920" text="Restoring Archiving File System Data">
     <tocitem target="samqfs-07-36_html_wp1076947" text="Restoring an Archiving File System" />
     <tocitem target="samqfs-07-37_html_wp1084280" text="Filtering Recovery Point Files" />
     <tocitem target="samqfs-07-38_html_wp1077879" text="Filter File Name Pattern Values" />
     <tocitem target="samqfs-07-39_html_wp1084451" text="Deleting the Index for a Recovery Point" />
     <tocitem target="samqfs-07-40_html_wp1092950" text="Deleting a Recovery Point" />
    </tocitem>
   </tocitem>
   <tocitem target="samqfs-07-41_html_wp1090165" text="Administering Shared File Systems">
    <tocitem target="samqfs-07-42_html_wp1090202" text="Planning a Shared File System" />
    <tocitem target="samqfs-07-43_html_wp1090251" text="Creating a Shared File System" />
    <tocitem target="samqfs-07-44_html_wp1090320" text="Creating the Shared Hosts File" />
    <tocitem target="samqfs-07-45_html_wp1090350" text="Adding a Client or Potential Metadata Server" />
    <tocitem target="samqfs-07-46_html_wp1090406" text="Deleting a Client or Potential Metadata Server" />
    <tocitem target="samqfs-07-47_html_wp1090436" text="Deleting the Metadata Server" />
    <tocitem target="samqfs-07-48_html_wp1090481" text="Mounting and Unmounting Shared File Systems">
     <tocitem target="samqfs-07-49_html_wp1090514" text="Mounting a Shared File System" />
     <tocitem target="samqfs-07-50_html_wp1090553" text="Mounting the Metadata Server" />
     <tocitem target="samqfs-07-51_html_wp1090588" text="Mounting a Client or Potential Metadata Server" />
     <tocitem target="samqfs-07-52_html_wp1090618" text="Editing Mount Options for a Shared File System" />
     <tocitem target="samqfs-07-53_html_wp1090649" text="Unmounting a Shared File System" />
     <tocitem target="samqfs-07-54_html_wp1090681" text="Unmounting a Client or Potential Metadata Server" />
     <tocitem target="samqfs-07-55_html_wp1090707" text="Unmounting the Metadata Server" />
    </tocitem>
    <tocitem target="samqfs-07-56_html_wp1090734" text="Deleting a Shared File System" />
   </tocitem>
   <tocitem target="samqfs-07-57_html_wp1089688" text="Managing NFS Sharing for File Systems">
    <tocitem target="samqfs-07-58_html_wp1089701" text="About NFS Sharing" />
    <tocitem target="samqfs-07-59_html_wp1089745" text="Adding an NFS Directory" />
    <tocitem target="samqfs-07-60_html_wp1089785" text="Editing NFS Directory Options" />
    <tocitem target="samqfs-07-61_html_wp1089816" text="Changing the Status of an NFS Directory" />
    <tocitem target="samqfs-07-62_html_wp1089843" text="Removing an NFS Directory" />
   </tocitem>
   <tocitem target="samqfs-07-63_html_wp1218365" text="Reference Pages">
    <tocitem target="samqfs-advancednetworkconfig_html_wp1218413" text="Advanced Network Configuration Page" />
    <tocitem target="samqfs-filebrowser_html_wp1218432" text="File Browser Page">
     <tocitem target="samqfs-07-66_html_wp1218522" text="Details Page" />
    </tocitem>
    <tocitem target="samqfs-filesystemarchivepolicies_html_wp1218596" text="File System Archive Policies Page" />
    <tocitem target="samqfs-filesystemdetails_html_wp1218726" text="File System Details Page" />
    <tocitem target="samqfs-filesystemdevices_html_wp1219062" text="File System Devices Page" />
    <tocitem target="samqfs-filesystemeditmountoptions_html_wp1219115" text="File System Edit Mount Options Page" />
    <tocitem target="samqfs-filesystemeditnfsproperties_html_wp1223770" text="File System NFS Shares Page" />
    <tocitem target="samqfs-filesystemssummary_html_wp1219433" text="File Systems Summary Page" />
    <tocitem target="samqfs-restorefilesystem_html_wp1219628" text="Restore File System Page" />
    <tocitem target="samqfs-recoverypoints_html_wp1219853" text="Recovery Points Page" />
    <tocitem target="samqfs-schedulemetadatasnapshots_html_wp1219931" text="Recovery Point Schedule Page" />
   </tocitem>
  </tocitem>
  <tocitem target="samqfs-08-02_html_wp1090282" text="Managing Archiving">
   <tocitem target="samqfs-08-03_html_wp1040547" text="About Archive Management" />
   <tocitem target="samqfs-08-04_html_wp1074477" text="About Archiving, Releasing, and Staging">
    <tocitem target="samqfs-08-05_html_wp1069332" text="About the Sun StorageTek SAM Software" />
    <tocitem target="samqfs-08-06_html_wp1071477" text="About Archiving" />
    <tocitem target="samqfs-08-07_html_wp1074595" text="Planning for Archiving" />
    <tocitem target="samqfs-08-08_html_wp1074593" text="About Continuous Archiving" />
    <tocitem target="samqfs-08-09_html_wp1069459" text="About Associative Archiving" />
    <tocitem target="samqfs-08-10_html_wp1070447" text="About the Releaser" />
    <tocitem target="samqfs-08-11_html_wp1069426" text="About the Stager" />
   </tocitem>
   <tocitem target="samqfs-08-12_html_wp1086182" text="Controlling Archiving for Archiving File Systems">
    <tocitem target="samqfs-08-13_html_wp1086200" text="Configuring Archiver Scanning for an Archiving File System" />
    <tocitem target="samqfs-08-14_html_wp1086235" text="Stopping or Idling Archiving for an Archiving File System" />
    <tocitem target="samqfs-08-15_html_wp1086262" text="Running Archiving for an Archiving File System" />
   </tocitem>
   <tocitem target="samqfs-08-16_html_wp1070712" text="Managing Archive Policies">
    <tocitem target="samqfs-08-17_html_wp1049344" text="Administering Archive Policies">
     <tocitem target="samqfs-08-18_html_wp1049348" text="About Archive Policies" />
     <tocitem target="samqfs-08-19_html_wp1049685" text="Reference: Creating a Policy archiver.cmd Example" />
     <tocitem target="samqfs-08-20_html_wp1049706" text="Creating a Policy" />
     <tocitem target="samqfs-08-21_html_wp1049772" text="Creating a No-Archive Policy" />
     <tocitem target="samqfs-08-22_html_wp1067544" text="Editing a Policy" />
     <tocitem target="samqfs-08-23_html_wp1050516" text="Deleting a Policy" />
    </tocitem>
    <tocitem target="samqfs-08-24_html_wp1045908" text="Enabling Archiving Options in a Policy">
     <tocitem target="samqfs-08-25_html_wp1047661" text="Enabling Disk Archiving" />
     <tocitem target="samqfs-08-26_html_wp1040763" text="Enabling Archiving to Tape" />
     <tocitem target="samqfs-08-27_html_wp1047665" text="Enabling Associative Archiving" />
     <tocitem target="samqfs-08-28_html_wp1047662" text="Enabling Continuous Archiving" />
     <tocitem target="samqfs-08-29_html_wp1080062" text="Enabling Archiving to Pools of Disk or Tape VSNs" />
    </tocitem>
    <tocitem target="samqfs-08-30_html_wp1059829" text="Administering File Match Criteria">
     <tocitem target="samqfs-08-31_html_wp1059856" text="About File Match Criteria" />
     <tocitem target="samqfs-08-32_html_wp1059876" text="Editing File Match Criteria" />
     <tocitem target="samqfs-08-33_html_wp1059904" text="Adding a File System to a Set of File Match Criteria" />
     <tocitem target="samqfs-08-34_html_wp1059939" text="Removing a File System From a Set of File Match Criteria" />
     <tocitem target="samqfs-08-35_html_wp1059972" text="Planning File Match Criteria" />
     <tocitem target="samqfs-08-36_html_wp1086297" text="Adding File Match Criteria to a Policy" />
     <tocitem target="samqfs-08-37_html_wp1059995" text="Removing File Match Criteria From a Policy" />
    </tocitem>
    <tocitem target="samqfs-08-38_html_wp1060023" text="Administering Policy Copies">
     <tocitem target="samqfs-08-39_html_wp1060042" text="About Policy Copies" />
     <tocitem target="samqfs-08-40_html_wp1060046" text="Editing a Policy Copy" />
     <tocitem target="samqfs-08-41_html_wp1060076" text="Modifying VSN Assignments in a Policy Copy" />
     <tocitem target="samqfs-08-42_html_wp1075528" text="Adding a Copy to a Policy" />
     <tocitem target="samqfs-08-43_html_wp1060099" text="Removing a Copy From a Policy" />
    </tocitem>
    <tocitem target="samqfs-08-44_html_wp1154222" text="Reference Pages">
     <tocitem target="samqfs-archivepoliciessummary_html_wp1154251" text="Archive Policies Summary Page" />
     <tocitem target="samqfs-policycopydiskoptions_html_wp1154320" text="Policy Copy (Disk) Details Page" />
     <tocitem target="samqfs-policycopytapeoptions_html_wp1154462" text="Policy Copy (Tape) Details Page" />
     <tocitem target="samqfs-policycopyvsns_html_wp1154653" text="Policy Copy VSNs Page" />
     <tocitem target="samqfs-policycriteriadetails_html_wp1154707" text="Policy Criteria Details Page" />
     <tocitem target="samqfs-policydetails_html_wp1154855" text="Policy Details Page" />
    </tocitem>
   </tocitem>
   <tocitem target="samqfs-08-51_html_wp1089672" text="Managing VSN Pools for Archiving">
    <tocitem target="samqfs-08-52_html_wp1077502" text="About VSN Pools" />
    <tocitem target="samqfs-08-53_html_wp1077519" text="Creating a VSN Pool" />
    <tocitem target="samqfs-08-54_html_wp1077551" text="Editing a VSN Pool" />
    <tocitem target="samqfs-08-55_html_wp1077579" text="Deleting a VSN Pool" />
    <tocitem target="samqfs-08-56_html_wp1155131" text="Reference Pages">
     <tocitem target="samqfs-vsnpooldetails_html_wp1155145" text="VSN Pool Details Page" />
     <tocitem target="samqfs-vsnpoolsummary_html_wp1155235" text="VSN Pool Summary Page" />
    </tocitem>
   </tocitem>
   <tocitem target="samqfs-08-59_html_wp1080123" text="Managing Disk VSNs for Archiving">
    <tocitem target="samqfs-08-60_html_wp1080144" text="About Archiving to Disk-Based VSNs" />
    <tocitem target="samqfs-08-61_html_wp1080161" text="Creating a Disk VSN" />
    <tocitem target="samqfs-08-62_html_wp1080187" text="Creating an Sun StorageTek 5800 VSN" />
    <tocitem target="samqfs-08-63_html_wp1148765" text="Editing the Media Attributes of a Disk VSN" />
    <tocitem target="samqfs-08-64_html_wp1155388" text="Reference Pages">
     <tocitem target="samqfs-diskvsns_html_wp1155397" text="Disk-Based VSNs Page" />
    </tocitem>
   </tocitem>
   <tocitem target="samqfs-08-66_html_wp1077919" text="Setting Up General Archiving">
    <tocitem target="samqfs-08-67_html_wp1077953" text="About Archiver Scanning Methods" />
    <tocitem target="samqfs-08-68_html_wp1077999" text="Configuring Global Archiving Values" />
    <tocitem target="samqfs-08-69_html_wp1078024" text="Configuring Global Staging Values" />
    <tocitem target="samqfs-08-70_html_wp1078053" text="Configuring Global Releasing Values" />
    <tocitem target="samqfs-08-71_html_wp1078083" text="Configuring Global Media Type Parameters" />
    <tocitem target="samqfs-generalarchivingsetup_html_wp1155603" text="General Setup Page">
     <tocitem target="samqfs-08-73_html_wp1155607" text="Global" />
     <tocitem target="samqfs-08-74_html_wp1155651" text="Media Type Parameters" />
     <tocitem target="samqfs-08-75_html_wp1155693" text="Drive Limits" />
    </tocitem>
   </tocitem>
   <tocitem target="samqfs-08-76_html_wp1078231" text="Configuring the Recycler">
    <tocitem target="samqfs-08-77_html_wp1078260" text="About the Recycler" />
    <tocitem target="samqfs-08-78_html_wp1078300" text="Running Recycling" />
    <tocitem target="samqfs-08-79_html_wp1078329" text="Configuring Library Recycling Values" />
    <tocitem target="samqfs-08-80_html_wp1078360" text="Configuring Policy Recycling Values" />
    <tocitem target="samqfs-recycler_html_wp1155924" text="Recycler Page" />
   </tocitem>
   <tocitem target="samqfs-08-82_html_wp1078478" text="Managing Archiving and Staging Activity">
    <tocitem target="samqfs-08-83_html_wp1078498" text="Controlling Global Archiving Activity" />
    <tocitem target="samqfs-08-84_html_wp1078529" text="Controlling Global Staging Activity" />
    <tocitem target="samqfs-08-85_html_wp1086363" text="Staging a File or Directory on Demand" />
    <tocitem target="samqfs-08-86_html_wp1156115" text="Reference Pages">
     <tocitem target="samqfs-activitymanagement_html_wp1156128" text="Activity Management Page" />
     <tocitem target="samqfs-staging_html_wp1156191" text="Stage File Page" />
    </tocitem>
   </tocitem>
  </tocitem>
  <tocitem target="samqfs-09-02_html_wp1053727" text="Managing Removable Media">
   <tocitem target="samqfs-09-03_html_wp1049037" text="About Removable Media Management" />
   <tocitem target="samqfs-09-04_html_wp1049076" text="About Removable Media" />
   <tocitem target="samqfs-09-05_html_wp1049114" text="About Supported Libraries and Drives" />
   <tocitem target="samqfs-09-06_html_wp1026711" text="About the Historian" />
   <tocitem target="samqfs-09-07_html_wp1048495" text="Managing Libraries">
    <tocitem target="samqfs-09-08_html_wp1027007" text="About Libraries" />
    <tocitem target="samqfs-09-09_html_wp1039229" text="Adding a Library" />
    <tocitem target="samqfs-09-10_html_wp1047943" text="Changing the State of a Library" />
    <tocitem target="samqfs-09-11_html_wp1048344" text="Unloading a Library" />
    <tocitem target="samqfs-09-12_html_wp1043250" text="Removing Archiving, Staging, and Recycling Configurations" />
    <tocitem target="samqfs-09-13_html_wp1050041" text="Deleting a Library" />
    <tocitem target="samqfs-09-14_html_wp1047687" text="Managing Library Drives">
     <tocitem target="samqfs-09-15_html_wp1047709" text="Changing the State of a Library Drive" />
     <tocitem target="samqfs-09-16_html_wp1047739" text="Idling a Drive" />
     <tocitem target="samqfs-09-17_html_wp1047767" text="Unloading a Drive" />
     <tocitem target="samqfs-09-18_html_wp1047794" text="Cleaning a Drive" />
    </tocitem>
    <tocitem target="samqfs-09-19_html_wp1047684" text="Managing VSNs in a Library">
     <tocitem target="samqfs-vsnsearch_html_wp1042863" text="Searching for a VSN" />
     <tocitem target="samqfs-09-21_html_wp1027444" text="Importing a VSN" />
     <tocitem target="samqfs-09-22_html_wp1043159" text="Exporting a VSN" />
     <tocitem target="samqfs-09-23_html_wp1043367" text="Loading a VSN Into a Drive in a Library" />
     <tocitem target="samqfs-09-24_html_wp1043361" text="Unloading a VSN From a Drive in a Library" />
     <tocitem target="samqfs-09-25_html_wp1042889" text="Labeling a VSN" />
     <tocitem target="samqfs-09-26_html_wp1042931" text="Reserving a VSN in a Library" />
     <tocitem target="samqfs-09-27_html_wp1042969" text="Unreserving a VSN in a Library" />
     <tocitem target="samqfs-09-28_html_wp1042995" text="Auditing the Slot for a VSN in a Library" />
     <tocitem target="samqfs-09-29_html_wp1047233" text="Editing the Media Attributes for a VSN in a Library" />
    </tocitem>
    <tocitem target="samqfs-09-30_html_wp1070853" text="Reference Pages">
     <tocitem target="samqfs-drivedetails_html_wp1070882" text="Library &amp; Drive Details Page" />
     <tocitem target="samqfs-historian_html_wp1071040" text="Historian Page" />
     <tocitem target="samqfs-importvsn_html_wp1071126" text="Import VSN Page" />
     <tocitem target="samqfs-librarysummary_html_wp1071197" text="Library Summary Page" />
     <tocitem target="samqfs-libraryvsnsummary_html_wp1071296" text="Library VSN Summary Page" />
     <tocitem target="samqfs-searchresults_html_wp1071377" text="Search Results Page" />
     <tocitem target="samqfs-vsndetails_html_wp1071425" text="VSN Details Page" />
    </tocitem>
   </tocitem>
  </tocitem>
  <tocitem target="samqfs-10-2_html_wp1034994" text="Configuring Email Alerts">
   <tocitem target="samqfs-10-3_html_wp1023615" text="About Email Alerts" />
   <tocitem target="samqfs-10-4_html_wp1023283" text="Creating an Email Alert" />
   <tocitem target="samqfs-10-5_html_wp1023634" text="Changing Email Alert Events for a Recipient" />
   <tocitem target="samqfs-10-6_html_wp1023293" text="Deleting an Email Alert">
    <tocitem target="samqfs-notificationsummary_html_wp1037516" text="Email Alert Summary Page" />
   </tocitem>
  </tocitem>
  <tocitem target="samqfs-11-02_html_wp1042496" text="Troubleshooting">
   <tocitem target="samqfs-11-03_html_wp1041927" text="Using SAMreports">
    <tocitem target="samqfs-11-04_html_wp1041960" text="About SAMreports" />
    <tocitem target="samqfs-11-05_html_wp1041990" text="Generating SAMreports" />
    <tocitem target="samqfs-11-06_html_wp1044199" text="Displaying SAMreports" />
   </tocitem>
   <tocitem target="samqfs-11-07_html_wp1041148" text="Incompatible Software Release" />
   <tocitem target="samqfs-11-08_html_wp1041207" text="One Device Displayed Multiple Times" />
   <tocitem target="samqfs-11-09_html_wp1041222" text="Inaccessible Server" />
   <tocitem target="samqfs-11-10_html_wp1041271" text="No Remaining Space for a VSN" />
   <tocitem target="samqfs-11-11_html_wp1041551" text="Damaged or Stale Files in a Recovery Point" />
   <tocitem target="samqfs-11-12_html_wp1040719" text="Existing Fault Conditions Not Displayed" />
  </tocitem>
  <tocitem target="samqfs-12-1_html_wp1001215" text="Glossary" />
 </tocitem>
</toc>
